CrimeTypeID,Domestic,Crime Primary Type,Crime Sub Description,Crime Against
1,True,ARSON,AGGRAVATED,Property
2,False,ARSON,AGGRAVATED,Property
3,True,ARSON,ATTEMPT ARSON,Property
4,False,ARSON,ATTEMPT ARSON,Property
5,True,ARSON,BY EXPLOSIVE,Property
6,False,ARSON,BY EXPLOSIVE,Property
7,True,ARSON,BY FIRE,Property
8,False,ARSON,BY FIRE,Property
9,True,ARSON,"POSSESS CHEMICAL, DRY ICE DEVICE",Property
10,False,ARSON,"POSSESS CHEMICAL, DRY ICE DEVICE",Property
11,True,ARSON,"POSSESS EXPLOSIVE, INCENDIARY DEVICE",Property
12,False,ARSON,"POSSESS EXPLOSIVE, INCENDIARY DEVICE",Property
13,True,ASSAULT,AGGRAVATED HANDGUN,Person
14,False,ASSAULT,AGGRAVATED HANDGUN,Person
15,True,ASSAULT,"AGGRAVATED KNIFE, CUTTING INSTRUMENT",Person
16,False,ASSAULT,"AGGRAVATED KNIFE, CUTTING INSTRUMENT",Person
17,True,ASSAULT,AGGRAVATED OTHER DANGEROUS WEAPON,Person
18,False,ASSAULT,AGGRAVATED OTHER DANGEROUS WEAPON,Person
19,True,ASSAULT,AGGRAVATED OTHER FIREARM,Person
20,False,ASSAULT,AGGRAVATED OTHER FIREARM,Person
21,True,ASSAULT,AGGRAVATED POLICE OFFICER HANDGUN,Police/Protected
22,False,ASSAULT,AGGRAVATED POLICE OFFICER HANDGUN,Police/Protected
23,True,ASSAULT,"AGGRAVATED POLICE OFFICER HANDS NO, MIN INJURY",Person
24,False,ASSAULT,"AGGRAVATED POLICE OFFICER HANDS NO, MIN INJURY",Person
25,True,ASSAULT,"AGGRAVATED POLICE OFFICER HANDS, FISTS, FEET, NO INJURY",Police/Protected
26,False,ASSAULT,"AGGRAVATED POLICE OFFICER HANDS, FISTS, FEET, NO INJURY",Police/Protected
27,True,ASSAULT,"AGGRAVATED POLICE OFFICER KNIFE, CUTTING INSTRUMENT",Police/Protected
28,False,ASSAULT,"AGGRAVATED POLICE OFFICER KNIFE, CUTTING INSTRUMENT",Police/Protected
29,True,ASSAULT,AGGRAVATED POLICE OFFICER OTHER DANGEROUS WEAPON,Police/Protected
30,False,ASSAULT,AGGRAVATED POLICE OFFICER OTHER DANGEROUS WEAPON,Police/Protected
31,True,ASSAULT,AGGRAVATED POLICE OFFICER OTHER FIREARM,Police/Protected
32,False,ASSAULT,AGGRAVATED POLICE OFFICER OTHER FIREARM,Police/Protected
33,True,ASSAULT,AGGRAVATED PROTECTED EMPLOYEE HANDGUN,Police/Protected
34,False,ASSAULT,AGGRAVATED PROTECTED EMPLOYEE HANDGUN,Police/Protected
35,True,ASSAULT,"AGGRAVATED PROTECTED EMPLOYEE KNIFE, CUTTING INSTRUMENT",Police/Protected
36,False,ASSAULT,"AGGRAVATED PROTECTED EMPLOYEE KNIFE, CUTTING INSTRUMENT",Police/Protected
37,True,ASSAULT,AGGRAVATED PROTECTED EMPLOYEE OTHER DANGEROUS WEAPON,Police/Protected
38,False,ASSAULT,AGGRAVATED PROTECTED EMPLOYEE OTHER DANGEROUS WEAPON,Police/Protected
39,True,ASSAULT,AGGRAVATED PROTECTED EMPLOYEE OTHER FIREARM,Police/Protected
40,False,ASSAULT,AGGRAVATED PROTECTED EMPLOYEE OTHER FIREARM,Police/Protected
41,True,ASSAULT,PROTECTED EMPLOYEE HANDS NO MIN INJURY,Police/Protected
42,False,ASSAULT,PROTECTED EMPLOYEE HANDS NO MIN INJURY,Police/Protected
43,True,ASSAULT,"PROTECTED EMPLOYEE HANDS, FISTS, FEET, NO MINOR INJURY",Police/Protected
44,False,ASSAULT,"PROTECTED EMPLOYEE HANDS, FISTS, FEET, NO MINOR INJURY",Police/Protected
45,True,ASSAULT,SIMPLE,Person
46,False,ASSAULT,SIMPLE,Person
47,True,BATTERY,AGGRAVATED DOMESTIC BATTERY HANDGUN,Person
48,False,BATTERY,AGGRAVATED DOMESTIC BATTERY HANDGUN,Person
49,True,BATTERY,"AGGRAVATED DOMESTIC BATTERY HANDS, FISTS, FEET, SERIOUS INJURY",Person
50,False,BATTERY,"AGGRAVATED DOMESTIC BATTERY HANDS, FISTS, FEET, SERIOUS INJURY",Person
51,True,BATTERY,"AGGRAVATED DOMESTIC BATTERY KNIFE, CUTTING INSTRUMENT",Person
52,False,BATTERY,"AGGRAVATED DOMESTIC BATTERY KNIFE, CUTTING INSTRUMENT",Person
53,True,BATTERY,AGGRAVATED DOMESTIC BATTERY OTHER DANGEROUS WEAPON,Person
54,False,BATTERY,AGGRAVATED DOMESTIC BATTERY OTHER DANGEROUS WEAPON,Person
55,True,BATTERY,AGGRAVATED DOMESTIC BATTERY OTHER FIREARM,Person
56,False,BATTERY,AGGRAVATED DOMESTIC BATTERY OTHER FIREARM,Person
57,True,BATTERY,AGGRAVATED HANDGUN,Person
58,False,BATTERY,AGGRAVATED HANDGUN,Person
59,True,BATTERY,"AGGRAVATED HANDS, FIST, FEET NO MINOR INJURY",Person
60,False,BATTERY,"AGGRAVATED HANDS, FIST, FEET NO MINOR INJURY",Person
61,True,BATTERY,"AGGRAVATED HANDS, FIST, FEET SERIOUS INJURY",Person
62,False,BATTERY,"AGGRAVATED HANDS, FIST, FEET SERIOUS INJURY",Person
63,True,BATTERY,"AGGRAVATED HANDS, FISTS, FEET, NO MINOR INJURY",Person
64,False,BATTERY,"AGGRAVATED HANDS, FISTS, FEET, NO MINOR INJURY",Person
65,True,BATTERY,"AGGRAVATED HANDS, FISTS, FEET, SERIOUS INJURY",Person
66,False,BATTERY,"AGGRAVATED HANDS, FISTS, FEET, SERIOUS INJURY",Person
67,True,BATTERY,"AGGRAVATED KNIFE, CUTTING INSTRUMENT",Person
68,False,BATTERY,"AGGRAVATED KNIFE, CUTTING INSTRUMENT",Person
69,True,BATTERY,AGGRAVATED OF A CHILD,Person
70,False,BATTERY,AGGRAVATED OF A CHILD,Person
71,True,BATTERY,AGGRAVATED OF A SENIOR CITIZEN,Person
72,False,BATTERY,AGGRAVATED OF A SENIOR CITIZEN,Person
73,True,BATTERY,AGGRAVATED OF AN UNBORN CHILD,Person
74,False,BATTERY,AGGRAVATED OF AN UNBORN CHILD,Person
75,True,BATTERY,AGGRAVATED OTHER DANGEROUS WEAPON,Person
76,False,BATTERY,AGGRAVATED OTHER DANGEROUS WEAPON,Person
77,True,BATTERY,AGGRAVATED OTHER FIREARM,Person
78,False,BATTERY,AGGRAVATED OTHER FIREARM,Person
79,True,BATTERY,AGGRAVATED POLICE OFFICER HANDGUN,Police/Protected
80,False,BATTERY,AGGRAVATED POLICE OFFICER HANDGUN,Police/Protected
81,True,BATTERY,AGGRAVATED POLICE OFFICER HANDS ETC SERIOUS INJURY,Police/Protected
82,False,BATTERY,AGGRAVATED POLICE OFFICER HANDS ETC SERIOUS INJURY,Police/Protected
83,True,BATTERY,"AGGRAVATED POLICE OFFICER HANDS NO, MIN INJURY",Police/Protected
84,False,BATTERY,"AGGRAVATED POLICE OFFICER HANDS NO, MIN INJURY",Police/Protected
85,True,BATTERY,"AGGRAVATED POLICE OFFICER HANDS, FISTS, FEET, NO MINOR INJURY",Police/Protected
86,False,BATTERY,"AGGRAVATED POLICE OFFICER HANDS, FISTS, FEET, NO MINOR INJURY",Police/Protected
87,True,BATTERY,"AGGRAVATED POLICE OFFICER HANDS, FISTS, FEET, SERIOUS INJURY",Police/Protected
88,False,BATTERY,"AGGRAVATED POLICE OFFICER HANDS, FISTS, FEET, SERIOUS INJURY",Police/Protected
89,True,BATTERY,"AGGRAVATED POLICE OFFICER KNIFE, CUTTING INSTRUMENT",Police/Protected
90,False,BATTERY,"AGGRAVATED POLICE OFFICER KNIFE, CUTTING INSTRUMENT",Police/Protected
91,True,BATTERY,AGGRAVATED POLICE OFFICER OTHER DANGEROUS WEAPON,Police/Protected
92,False,BATTERY,AGGRAVATED POLICE OFFICER OTHER DANGEROUS WEAPON,Police/Protected
93,True,BATTERY,AGGRAVATED POLICE OFFICER OTHER FIREARM,Police/Protected
94,False,BATTERY,AGGRAVATED POLICE OFFICER OTHER FIREARM,Police/Protected
95,True,BATTERY,AGGRAVATED PROTECTED EMPLOYEE HANDGUN,Police/Protected
96,False,BATTERY,AGGRAVATED PROTECTED EMPLOYEE HANDGUN,Police/Protected
97,True,BATTERY,AGGRAVATED PROTECTED EMPLOYEE HANDS SERIOUS INJURY,Police/Protected
98,False,BATTERY,AGGRAVATED PROTECTED EMPLOYEE HANDS SERIOUS INJURY,Police/Protected
99,True,BATTERY,"AGGRAVATED PROTECTED EMPLOYEE HANDS, FISTS, FEET, SERIOUS INJURY",Police/Protected
100,False,BATTERY,"AGGRAVATED PROTECTED EMPLOYEE HANDS, FISTS, FEET, SERIOUS INJURY",Police/Protected
101,True,BATTERY,"AGGRAVATED PROTECTED EMPLOYEE KNIFE, CUTTING INSTRUMENT",Police/Protected
102,False,BATTERY,"AGGRAVATED PROTECTED EMPLOYEE KNIFE, CUTTING INSTRUMENT",Police/Protected
103,True,BATTERY,AGGRAVATED PROTECTED EMPLOYEE OTHER DANGEROUS WEAPON,Police/Protected
104,False,BATTERY,AGGRAVATED PROTECTED EMPLOYEE OTHER DANGEROUS WEAPON,Police/Protected
105,True,BATTERY,AGGRAVATED PROTECTED EMPLOYEE OTHER FIREARM,Police/Protected
106,False,BATTERY,AGGRAVATED PROTECTED EMPLOYEE OTHER FIREARM,Police/Protected
107,True,BATTERY,DOMESTIC BATTERY SIMPLE,Person
108,False,BATTERY,DOMESTIC BATTERY SIMPLE,Person
109,True,BATTERY,OF UNBORN CHILD,Person
110,False,BATTERY,OF UNBORN CHILD,Person
111,True,BATTERY,PROTECTED EMPLOYEE HANDS NO MIN INJURY,Police/Protected
112,False,BATTERY,PROTECTED EMPLOYEE HANDS NO MIN INJURY,Police/Protected
113,True,BATTERY,"PROTECTED EMPLOYEE HANDS, FISTS, FEET, NO MINOR INJURY",Police/Protected
114,False,BATTERY,"PROTECTED EMPLOYEE HANDS, FISTS, FEET, NO MINOR INJURY",Police/Protected
115,True,BATTERY,SIMPLE,Person
116,False,BATTERY,SIMPLE,Person
117,True,BURGLARY,ATTEMPT FORCIBLE ENTRY,Property
118,False,BURGLARY,ATTEMPT FORCIBLE ENTRY,Property
119,True,BURGLARY,FORCIBLE ENTRY,Property
120,False,BURGLARY,FORCIBLE ENTRY,Property
121,True,BURGLARY,HOME INVASION,Property
122,False,BURGLARY,HOME INVASION,Property
123,True,BURGLARY,UNLAWFUL ENTRY,Property
124,False,BURGLARY,UNLAWFUL ENTRY,Property
125,True,CONCEALED CARRY LICENSE VIOLATION,ARMED WHILE UNDER THE INFLUENCE,Society
126,False,CONCEALED CARRY LICENSE VIOLATION,ARMED WHILE UNDER THE INFLUENCE,Society
127,True,CONCEALED CARRY LICENSE VIOLATION,OTHER,Society
128,False,CONCEALED CARRY LICENSE VIOLATION,OTHER,Society
129,True,CONCEALED CARRY LICENSE VIOLATION,PROHIBITED PLACES,Society
130,False,CONCEALED CARRY LICENSE VIOLATION,PROHIBITED PLACES,Society
131,True,CRIMINAL DAMAGE,CRIMINAL DEFACEMENT,Property
132,False,CRIMINAL DAMAGE,CRIMINAL DEFACEMENT,Property
133,True,CRIMINAL DAMAGE,INSTITUTIONAL VANDALISM,Society
134,False,CRIMINAL DAMAGE,INSTITUTIONAL VANDALISM,Society
135,True,CRIMINAL DAMAGE,LIBRARY VANDALISM,Property
136,False,CRIMINAL DAMAGE,LIBRARY VANDALISM,Property
137,True,CRIMINAL DAMAGE,TO CITY OF CHICAGO PROPERTY,Property
138,False,CRIMINAL DAMAGE,TO CITY OF CHICAGO PROPERTY,Property
139,True,CRIMINAL DAMAGE,TO FIRE FIGHT.APP.EQUIP,Property
140,False,CRIMINAL DAMAGE,TO FIRE FIGHT.APP.EQUIP,Property
141,True,CRIMINAL DAMAGE,TO PROPERTY,Property
142,False,CRIMINAL DAMAGE,TO PROPERTY,Property
143,True,CRIMINAL DAMAGE,TO STATE SUPPORTED PROPERTY,Property
144,False,CRIMINAL DAMAGE,TO STATE SUPPORTED PROPERTY,Property
145,True,CRIMINAL DAMAGE,TO VEHICLE,Property
146,False,CRIMINAL DAMAGE,TO VEHICLE,Property
147,True,CRIMINAL SEXUAL ASSAULT,AGGRAVATED HANDGUN,Person
148,False,CRIMINAL SEXUAL ASSAULT,AGGRAVATED HANDGUN,Person
149,True,CRIMINAL SEXUAL ASSAULT,"AGGRAVATED KNIFE, CUTTING INSTRUMENT",Person
150,False,CRIMINAL SEXUAL ASSAULT,"AGGRAVATED KNIFE, CUTTING INSTRUMENT",Person
151,True,CRIMINAL SEXUAL ASSAULT,AGGRAVATED OTHER,Person
152,False,CRIMINAL SEXUAL ASSAULT,AGGRAVATED OTHER,Person
153,True,CRIMINAL SEXUAL ASSAULT,AGGRAVATED OTHER DANGEROUS WEAPON,Person
154,False,CRIMINAL SEXUAL ASSAULT,AGGRAVATED OTHER DANGEROUS WEAPON,Person
155,True,CRIMINAL SEXUAL ASSAULT,AGGRAVATED OTHER FIREARM,Person
156,False,CRIMINAL SEXUAL ASSAULT,AGGRAVATED OTHER FIREARM,Person
157,True,CRIMINAL SEXUAL ASSAULT,ATTEMPT AGGRAVATED HANDGUN,Person
158,False,CRIMINAL SEXUAL ASSAULT,ATTEMPT AGGRAVATED HANDGUN,Person
159,True,CRIMINAL SEXUAL ASSAULT,"ATTEMPT AGGRAVATED KNIFE, CUTTING INSTRUMENT",Person
160,False,CRIMINAL SEXUAL ASSAULT,"ATTEMPT AGGRAVATED KNIFE, CUTTING INSTRUMENT",Person
161,True,CRIMINAL SEXUAL ASSAULT,ATTEMPT AGGRAVATED OTHER,Person
162,False,CRIMINAL SEXUAL ASSAULT,ATTEMPT AGGRAVATED OTHER,Person
163,True,CRIMINAL SEXUAL ASSAULT,ATTEMPT AGGRAVATED OTHER DANGEROUS WEAPON,Person
164,False,CRIMINAL SEXUAL ASSAULT,ATTEMPT AGGRAVATED OTHER DANGEROUS WEAPON,Person
165,True,CRIMINAL SEXUAL ASSAULT,ATTEMPT AGGRAVATED OTHER FIREARM,Person
166,False,CRIMINAL SEXUAL ASSAULT,ATTEMPT AGGRAVATED OTHER FIREARM,Person
167,True,CRIMINAL SEXUAL ASSAULT,ATTEMPT NON AGGRAVATED,Person
168,False,CRIMINAL SEXUAL ASSAULT,ATTEMPT NON AGGRAVATED,Person
169,True,CRIMINAL SEXUAL ASSAULT,NON AGGRAVATED,Person
170,False,CRIMINAL SEXUAL ASSAULT,NON AGGRAVATED,Person
171,True,CRIMINAL SEXUAL ASSAULT,PREDATORY,Person
172,False,CRIMINAL SEXUAL ASSAULT,PREDATORY,Person
173,True,CRIMINAL TRESPASS,TO AIRPORT,Society
174,False,CRIMINAL TRESPASS,TO AIRPORT,Society
175,True,CRIMINAL TRESPASS,TO LAND,Society
176,False,CRIMINAL TRESPASS,TO LAND,Society
177,True,CRIMINAL TRESPASS,TO RESIDENCE,Society
178,False,CRIMINAL TRESPASS,TO RESIDENCE,Society
179,True,CRIMINAL TRESPASS,TO STATE SUPPORTED LAND,Society
180,False,CRIMINAL TRESPASS,TO STATE SUPPORTED LAND,Society
181,True,CRIMINAL TRESPASS,TO VEHICLE,Society
182,False,CRIMINAL TRESPASS,TO VEHICLE,Society
183,True,DECEPTIVE PRACTICE,AGGRAVATED COMPUTER TAMPERING,Person
184,False,DECEPTIVE PRACTICE,AGGRAVATED COMPUTER TAMPERING,Person
185,True,DECEPTIVE PRACTICE,AGGRAVATED FINANCIAL IDENTITY THEFT,Person
186,False,DECEPTIVE PRACTICE,AGGRAVATED FINANCIAL IDENTITY THEFT,Person
187,True,DECEPTIVE PRACTICE,ALTER COINS,Person
188,False,DECEPTIVE PRACTICE,ALTER COINS,Person
189,True,DECEPTIVE PRACTICE,ATTEMPT FINANCIAL IDENTITY THEFT,Person
190,False,DECEPTIVE PRACTICE,ATTEMPT FINANCIAL IDENTITY THEFT,Person
191,True,DECEPTIVE PRACTICE,BOGUS CHECK,Person
192,False,DECEPTIVE PRACTICE,BOGUS CHECK,Person
193,True,DECEPTIVE PRACTICE,COMPUTER FRAUD,Person
194,False,DECEPTIVE PRACTICE,COMPUTER FRAUD,Person
195,True,DECEPTIVE PRACTICE,COUNTERFEIT CHECK,Person
196,False,DECEPTIVE PRACTICE,COUNTERFEIT CHECK,Person
197,True,DECEPTIVE PRACTICE,COUNTERFEITING DOCUMENT,Person
198,False,DECEPTIVE PRACTICE,COUNTERFEITING DOCUMENT,Person
199,True,DECEPTIVE PRACTICE,CREDIT CARD FRAUD,Person
200,False,DECEPTIVE PRACTICE,CREDIT CARD FRAUD,Person
201,True,DECEPTIVE PRACTICE,DECEPTIVE COLLECTION PRACTICES,Person
202,False,DECEPTIVE PRACTICE,DECEPTIVE COLLECTION PRACTICES,Person
203,True,DECEPTIVE PRACTICE,EMBEZZLEMENT,Person
204,False,DECEPTIVE PRACTICE,EMBEZZLEMENT,Person
205,True,DECEPTIVE PRACTICE,FINANCIAL EXPLOITATION OF AN ELDERLY OR DISABLED PERSON,Person
206,False,DECEPTIVE PRACTICE,FINANCIAL EXPLOITATION OF AN ELDERLY OR DISABLED PERSON,Person
207,True,DECEPTIVE PRACTICE,FINANCIAL IDENTITY THEFT $300 AND UNDER,Person
208,False,DECEPTIVE PRACTICE,FINANCIAL IDENTITY THEFT $300 AND UNDER,Person
209,True,DECEPTIVE PRACTICE,FINANCIAL IDENTITY THEFT OVER $ 300,Person
210,False,DECEPTIVE PRACTICE,FINANCIAL IDENTITY THEFT OVER $ 300,Person
211,True,DECEPTIVE PRACTICE,FORGERY,Person
212,False,DECEPTIVE PRACTICE,FORGERY,Person
213,True,DECEPTIVE PRACTICE,FRAUD OR CONFIDENCE GAME,Person
214,False,DECEPTIVE PRACTICE,FRAUD OR CONFIDENCE GAME,Person
215,True,DECEPTIVE PRACTICE,ILLEGAL POSSESSION CASH CARD,Person
216,False,DECEPTIVE PRACTICE,ILLEGAL POSSESSION CASH CARD,Person
217,True,DECEPTIVE PRACTICE,ILLEGAL USE CASH CARD,Person
218,False,DECEPTIVE PRACTICE,ILLEGAL USE CASH CARD,Person
219,True,DECEPTIVE PRACTICE,IMPERSONATION,Person
220,False,DECEPTIVE PRACTICE,IMPERSONATION,Person
221,True,DECEPTIVE PRACTICE,INSURANCE FRAUD,Person
222,False,DECEPTIVE PRACTICE,INSURANCE FRAUD,Person
223,True,DECEPTIVE PRACTICE,LIBRARY THEFT,Person
224,False,DECEPTIVE PRACTICE,LIBRARY THEFT,Person
225,True,DECEPTIVE PRACTICE,PAY TV SERVICE OFFENSES,Person
226,False,DECEPTIVE PRACTICE,PAY TV SERVICE OFFENSES,Person
227,True,DECEPTIVE PRACTICE,POSSESS KEYS OR DEVICE TO COIN MACHINE,Person
228,False,DECEPTIVE PRACTICE,POSSESS KEYS OR DEVICE TO COIN MACHINE,Person
229,True,DECEPTIVE PRACTICE,"STOLEN PROPERTY BUY, RECEIVE, POSSESS",Person
230,False,DECEPTIVE PRACTICE,"STOLEN PROPERTY BUY, RECEIVE, POSSESS",Person
231,True,DECEPTIVE PRACTICE,"THEFT BY LESSEE, MOTOR VEHICLE",Person
232,False,DECEPTIVE PRACTICE,"THEFT BY LESSEE, MOTOR VEHICLE",Person
233,True,DECEPTIVE PRACTICE,"THEFT BY LESSEE, NON MOTOR VEHICLE",Person
234,False,DECEPTIVE PRACTICE,"THEFT BY LESSEE, NON MOTOR VEHICLE",Person
235,True,DECEPTIVE PRACTICE,"THEFT OF LABOR, SERVICES",Person
236,False,DECEPTIVE PRACTICE,"THEFT OF LABOR, SERVICES",Person
237,True,DECEPTIVE PRACTICE,"THEFT OF LOST, MISLAID PROPERTY",Person
238,False,DECEPTIVE PRACTICE,"THEFT OF LOST, MISLAID PROPERTY",Person
239,True,DECEPTIVE PRACTICE,UNAUTHORIZED VIDEOTAPING,Person
240,False,DECEPTIVE PRACTICE,UNAUTHORIZED VIDEOTAPING,Person
241,True,DECEPTIVE PRACTICE,UNIDENTIFIABLE RECORDING SOUND,Person
242,False,DECEPTIVE PRACTICE,UNIDENTIFIABLE RECORDING SOUND,Person
243,True,DECEPTIVE PRACTICE,UNLAWFUL USE OF A COMPUTER,Person
244,False,DECEPTIVE PRACTICE,UNLAWFUL USE OF A COMPUTER,Person
245,True,DECEPTIVE PRACTICE,UNLAWFUL USE OF RECORDED SOUND,Person
246,False,DECEPTIVE PRACTICE,UNLAWFUL USE OF RECORDED SOUND,Person
247,True,GAMBLING,"GAME, AMUSEMENT DEVICE",Society
248,False,GAMBLING,"GAME, AMUSEMENT DEVICE",Society
249,True,GAMBLING,"GAME, CARDS",Society
250,False,GAMBLING,"GAME, CARDS",Society
251,True,GAMBLING,"GAME, DICE",Society
252,False,GAMBLING,"GAME, DICE",Society
253,True,GAMBLING,OTHER,Society
254,False,GAMBLING,OTHER,Society
255,True,HOMICIDE,FIRST DEGREE MURDER,Person
256,False,HOMICIDE,FIRST DEGREE MURDER,Person
257,True,HOMICIDE,INVOLUNTARY MANSLAUGHTER,Person
258,False,HOMICIDE,INVOLUNTARY MANSLAUGHTER,Person
259,True,HOMICIDE,RECKLESS HOMICIDE,Person
260,False,HOMICIDE,RECKLESS HOMICIDE,Person
261,True,HOMICIDE,SECOND DEGREE MURDER,Person
262,False,HOMICIDE,SECOND DEGREE MURDER,Person
263,True,HUMAN TRAFFICKING,COMMERCIAL SEXUAL ACTS,Person
264,False,HUMAN TRAFFICKING,COMMERCIAL SEXUAL ACTS,Person
265,True,HUMAN TRAFFICKING,INVOLUNTARY SERVITUDE,Person
266,False,HUMAN TRAFFICKING,INVOLUNTARY SERVITUDE,Person
267,True,INTERFERENCE WITH PUBLIC OFFICER,AIDING ARRESTEE ESCAPE,Society
268,False,INTERFERENCE WITH PUBLIC OFFICER,AIDING ARRESTEE ESCAPE,Society
269,True,INTERFERENCE WITH PUBLIC OFFICER,BRIBERY,Society
270,False,INTERFERENCE WITH PUBLIC OFFICER,BRIBERY,Society
271,True,INTERFERENCE WITH PUBLIC OFFICER,"CONCEALING, AIDING A FUGITIVE",Society
272,False,INTERFERENCE WITH PUBLIC OFFICER,"CONCEALING, AIDING A FUGITIVE",Society
273,True,INTERFERENCE WITH PUBLIC OFFICER,CONTRABAND IN PRISON,Society
274,False,INTERFERENCE WITH PUBLIC OFFICER,CONTRABAND IN PRISON,Society
275,True,INTERFERENCE WITH PUBLIC OFFICER,ESCAPE,Society
276,False,INTERFERENCE WITH PUBLIC OFFICER,ESCAPE,Society
277,True,INTERFERENCE WITH PUBLIC OFFICER,INTERFERENCE JUDICIAL PROCESS,Society
278,False,INTERFERENCE WITH PUBLIC OFFICER,INTERFERENCE JUDICIAL PROCESS,Society
279,True,INTERFERENCE WITH PUBLIC OFFICER,OBSTRUCTING IDENTIFICATION,Society
280,False,INTERFERENCE WITH PUBLIC OFFICER,OBSTRUCTING IDENTIFICATION,Society
281,True,INTERFERENCE WITH PUBLIC OFFICER,OBSTRUCTING JUSTICE,Society
282,False,INTERFERENCE WITH PUBLIC OFFICER,OBSTRUCTING JUSTICE,Society
283,True,INTERFERENCE WITH PUBLIC OFFICER,OBSTRUCTING SERVICE,Society
284,False,INTERFERENCE WITH PUBLIC OFFICER,OBSTRUCTING SERVICE,Society
285,True,INTERFERENCE WITH PUBLIC OFFICER,OFFICIAL MISCONDUCT,Society
286,False,INTERFERENCE WITH PUBLIC OFFICER,OFFICIAL MISCONDUCT,Society
287,True,INTERFERENCE WITH PUBLIC OFFICER,REFUSING TO AID AN OFFICER,Society
288,False,INTERFERENCE WITH PUBLIC OFFICER,REFUSING TO AID AN OFFICER,Society
289,True,INTERFERENCE WITH PUBLIC OFFICER,"RESIST, OBSTRUCT, DISARM OFFICER",Society
290,False,INTERFERENCE WITH PUBLIC OFFICER,"RESIST, OBSTRUCT, DISARM OFFICER",Society
291,True,INTIMIDATION,COMPELLING CONFESSION,Person
292,False,INTIMIDATION,COMPELLING CONFESSION,Person
293,True,INTIMIDATION,COMPELLING ORG MEMBERSHIP,Person
294,False,INTIMIDATION,COMPELLING ORG MEMBERSHIP,Person
295,True,INTIMIDATION,EDUCATIONAL INTIMIDAITON,Person
296,False,INTIMIDATION,EDUCATIONAL INTIMIDAITON,Person
297,True,INTIMIDATION,EXTORTION,Person
298,False,INTIMIDATION,EXTORTION,Person
299,True,INTIMIDATION,INTIMIDATION,Person
300,False,INTIMIDATION,INTIMIDATION,Person
301,True,INTIMIDATION,INTIMIDATION OF LAW ENFORCEMENT OFFICIAL,Person
302,False,INTIMIDATION,INTIMIDATION OF LAW ENFORCEMENT OFFICIAL,Person
303,True,KIDNAPPING,AGGRAVATED,Person
304,False,KIDNAPPING,AGGRAVATED,Person
305,True,KIDNAPPING,"CHILD ABDUCTION, STRANGER",Person
306,False,KIDNAPPING,"CHILD ABDUCTION, STRANGER",Person
307,True,KIDNAPPING,FORCIBLE DETENTION,Person
308,False,KIDNAPPING,FORCIBLE DETENTION,Person
309,True,KIDNAPPING,KIDNAPPING,Person
310,False,KIDNAPPING,KIDNAPPING,Person
311,True,KIDNAPPING,"UNLAWFUL INTERFERE, VISITATION",Person
312,False,KIDNAPPING,"UNLAWFUL INTERFERE, VISITATION",Person
313,True,KIDNAPPING,UNLAWFUL RESTRAINT,Person
314,False,KIDNAPPING,UNLAWFUL RESTRAINT,Person
315,True,KIDNAPPING,UNLAWFUL VISITATION INTERFERENCE,Person
316,False,KIDNAPPING,UNLAWFUL VISITATION INTERFERENCE,Person
317,True,LIQUOR LAW VIOLATION,EMPLOY MINOR,Society
318,False,LIQUOR LAW VIOLATION,EMPLOY MINOR,Society
319,True,LIQUOR LAW VIOLATION,ILLEGAL CONSUMPTION BY MINOR,Society
320,False,LIQUOR LAW VIOLATION,ILLEGAL CONSUMPTION BY MINOR,Society
321,True,LIQUOR LAW VIOLATION,ILLEGAL POSSESSION BY MINOR,Society
322,False,LIQUOR LAW VIOLATION,ILLEGAL POSSESSION BY MINOR,Society
323,True,LIQUOR LAW VIOLATION,LIQUOR LICENSE VIOLATION,Society
324,False,LIQUOR LAW VIOLATION,LIQUOR LICENSE VIOLATION,Society
325,True,LIQUOR LAW VIOLATION,MINOR MISREPRESENT AGE,Society
326,False,LIQUOR LAW VIOLATION,MINOR MISREPRESENT AGE,Society
327,True,LIQUOR LAW VIOLATION,"SELL, GIVE, DELIVER LIQUOR TO MINOR",Society
328,False,LIQUOR LAW VIOLATION,"SELL, GIVE, DELIVER LIQUOR TO MINOR",Society
329,True,MOTOR VEHICLE THEFT,ATTEMPT AUTOMOBILE,Property
330,False,MOTOR VEHICLE THEFT,ATTEMPT AUTOMOBILE,Property
331,True,MOTOR VEHICLE THEFT,"ATTEMPT CYCLE, SCOOTER, BIKE NO VIN",Property
332,False,MOTOR VEHICLE THEFT,"ATTEMPT CYCLE, SCOOTER, BIKE NO VIN",Property
333,True,MOTOR VEHICLE THEFT,"ATTEMPT CYCLE, SCOOTER, BIKE WITH VIN",Property
334,False,MOTOR VEHICLE THEFT,"ATTEMPT CYCLE, SCOOTER, BIKE WITH VIN",Property
335,True,MOTOR VEHICLE THEFT,"ATTEMPT TRUCK, BUS, MOTOR HOME",Property
336,False,MOTOR VEHICLE THEFT,"ATTEMPT TRUCK, BUS, MOTOR HOME",Property
337,True,MOTOR VEHICLE THEFT,AUTOMOBILE,Property
338,False,MOTOR VEHICLE THEFT,AUTOMOBILE,Property
339,True,MOTOR VEHICLE THEFT,"CYCLE, SCOOTER, BIKE NO VIN",Property
340,False,MOTOR VEHICLE THEFT,"CYCLE, SCOOTER, BIKE NO VIN",Property
341,True,MOTOR VEHICLE THEFT,"CYCLE, SCOOTER, BIKE WITH VIN",Property
342,False,MOTOR VEHICLE THEFT,"CYCLE, SCOOTER, BIKE WITH VIN",Property
343,True,MOTOR VEHICLE THEFT,"THEFT, RECOVERY AUTOMOBILE",Property
344,False,MOTOR VEHICLE THEFT,"THEFT, RECOVERY AUTOMOBILE",Property
345,True,MOTOR VEHICLE THEFT,"THEFT, RECOVERY CYCLE, SCOOTER, BIKE NO VIN",Property
346,False,MOTOR VEHICLE THEFT,"THEFT, RECOVERY CYCLE, SCOOTER, BIKE NO VIN",Property
347,True,MOTOR VEHICLE THEFT,"THEFT, RECOVERY CYCLE, SCOOTER, BIKE WITH VIN",Property
348,False,MOTOR VEHICLE THEFT,"THEFT, RECOVERY CYCLE, SCOOTER, BIKE WITH VIN",Property
349,True,MOTOR VEHICLE THEFT,"THEFT, RECOVERY TRUCK, BUS, MOBILE HOME",Property
350,False,MOTOR VEHICLE THEFT,"THEFT, RECOVERY TRUCK, BUS, MOBILE HOME",Property
351,True,MOTOR VEHICLE THEFT,"TRUCK, BUS, MOTOR HOME",Property
352,False,MOTOR VEHICLE THEFT,"TRUCK, BUS, MOTOR HOME",Property
353,True,NARCOTICS,"ALTER, FORGE PRESCRIPTION",Society
354,False,NARCOTICS,"ALTER, FORGE PRESCRIPTION",Society
355,True,NARCOTICS,ATTEMPT POSSESSION CANNABIS,Society
356,False,NARCOTICS,ATTEMPT POSSESSION CANNABIS,Society
357,True,NARCOTICS,ATTEMPT POSSESSION NARCOTICS,Society
358,False,NARCOTICS,ATTEMPT POSSESSION NARCOTICS,Society
359,True,NARCOTICS,CALCULATED CANNABIS CONSPIRACY,Society
360,False,NARCOTICS,CALCULATED CANNABIS CONSPIRACY,Society
361,True,NARCOTICS,CANNABIS PLANT,Society
362,False,NARCOTICS,CANNABIS PLANT,Society
363,True,NARCOTICS,CONTRABAND SUBSTANCE FAIL TO MAINTAIN RECORD,""
364,False,NARCOTICS,CONTRABAND SUBSTANCE FAIL TO MAINTAIN RECORD,""
365,True,NARCOTICS,CRIMINAL DRUG CONSPIRACY,Society
366,False,NARCOTICS,CRIMINAL DRUG CONSPIRACY,Society
367,True,NARCOTICS,DELIVER CANNABIS TO PERSON <18,Society
368,False,NARCOTICS,DELIVER CANNABIS TO PERSON <18,Society
369,True,NARCOTICS,DELIVER CONTROLLED SUBSTANCES TO PERSON UNDER 18,Society
370,False,NARCOTICS,DELIVER CONTROLLED SUBSTANCES TO PERSON UNDER 18,Society
371,True,NARCOTICS,"FAIL TO REGISTER LICENSED, CONTRABAND SUBSTANCES",""
372,False,NARCOTICS,"FAIL TO REGISTER LICENSED, CONTRABAND SUBSTANCES",""
373,True,NARCOTICS,FORFEIT PROPERTY,Society
374,False,NARCOTICS,FORFEIT PROPERTY,Society
375,True,NARCOTICS,FOUND SUSPECT NARCOTICS,Society
376,False,NARCOTICS,FOUND SUSPECT NARCOTICS,Society
377,True,NARCOTICS,"MANUFACTURE, DELIVER  HEROIN (WHITE)",Society
378,False,NARCOTICS,"MANUFACTURE, DELIVER  HEROIN (WHITE)",Society
379,True,NARCOTICS,"MANUFACTURE, DELIVER AMPHETAMINES",Society
380,False,NARCOTICS,"MANUFACTURE, DELIVER AMPHETAMINES",Society
381,True,NARCOTICS,"MANUFACTURE, DELIVER BARBITUATES",Society
382,False,NARCOTICS,"MANUFACTURE, DELIVER BARBITUATES",Society
383,True,NARCOTICS,"MANUFACTURE, DELIVER CANNABIS 10 GRAMS OR LESS",Society
384,False,NARCOTICS,"MANUFACTURE, DELIVER CANNABIS 10 GRAMS OR LESS",Society
385,True,NARCOTICS,"MANUFACTURE, DELIVER CANNABIS OVER 10  GRAMS",Society
386,False,NARCOTICS,"MANUFACTURE, DELIVER CANNABIS OVER 10  GRAMS",Society
387,True,NARCOTICS,"MANUFACTURE, DELIVER CANNABIS OVER 10 GRAMS",Society
388,False,NARCOTICS,"MANUFACTURE, DELIVER CANNABIS OVER 10 GRAMS",Society
389,True,NARCOTICS,"MANUFACTURE, DELIVER COCAINE",Society
390,False,NARCOTICS,"MANUFACTURE, DELIVER COCAINE",Society
391,True,NARCOTICS,"MANUFACTURE, DELIVER CRACK",Society
392,False,NARCOTICS,"MANUFACTURE, DELIVER CRACK",Society
393,True,NARCOTICS,"MANUFACTURE, DELIVER HALLUCINOGEN",Society
394,False,NARCOTICS,"MANUFACTURE, DELIVER HALLUCINOGEN",Society
395,True,NARCOTICS,"MANUFACTURE, DELIVER HEROIN (BLACK TAR)",Society
396,False,NARCOTICS,"MANUFACTURE, DELIVER HEROIN (BLACK TAR)",Society
397,True,NARCOTICS,"MANUFACTURE, DELIVER HEROIN (BRN, TAN)",Society
398,False,NARCOTICS,"MANUFACTURE, DELIVER HEROIN (BRN, TAN)",Society
399,True,NARCOTICS,"MANUFACTURE, DELIVER HEROIN (TAN, BROWN TAR)",Society
400,False,NARCOTICS,"MANUFACTURE, DELIVER HEROIN (TAN, BROWN TAR)",Society
401,True,NARCOTICS,"MANUFACTURE, DELIVER LOOK ALIKE DRUG",Society
402,False,NARCOTICS,"MANUFACTURE, DELIVER LOOK ALIKE DRUG",Society
403,True,NARCOTICS,"MANUFACTURE, DELIVER METHAMPHETAMINES",Society
404,False,NARCOTICS,"MANUFACTURE, DELIVER METHAMPHETAMINES",Society
405,True,NARCOTICS,"MANUFACTURE, DELIVER PCP",Society
406,False,NARCOTICS,"MANUFACTURE, DELIVER PCP",Society
407,True,NARCOTICS,"MANUFACTURE, DELIVER SYNTHETIC DRUGS",Society
408,False,NARCOTICS,"MANUFACTURE, DELIVER SYNTHETIC DRUGS",Society
409,True,NARCOTICS,"MANUFACTURE, DELIVER SYNTHETIC MARIJUANA",""
410,False,NARCOTICS,"MANUFACTURE, DELIVER SYNTHETIC MARIJUANA",""
411,True,NARCOTICS,"MANUFACTURE, POSSESS WITH INTENT TO DELIVER SYNTHETIC MARIJUANA",Society
412,False,NARCOTICS,"MANUFACTURE, POSSESS WITH INTENT TO DELIVER SYNTHETIC MARIJUANA",Society
413,True,NARCOTICS,POSSESS AMPHETAMINES,Society
414,False,NARCOTICS,POSSESS AMPHETAMINES,Society
415,True,NARCOTICS,POSSESS BARBITUATES,Society
416,False,NARCOTICS,POSSESS BARBITUATES,Society
417,True,NARCOTICS,POSSESS CANNABIS 30 GRAMS OR LESS,Society
418,False,NARCOTICS,POSSESS CANNABIS 30 GRAMS OR LESS,Society
419,True,NARCOTICS,POSSESS CANNABIS MORE THAN 30 GRAMS,Society
420,False,NARCOTICS,POSSESS CANNABIS MORE THAN 30 GRAMS,Society
421,True,NARCOTICS,POSSESS COCAINE,Society
422,False,NARCOTICS,POSSESS COCAINE,Society
423,True,NARCOTICS,POSSESS CRACK,Society
424,False,NARCOTICS,POSSESS CRACK,Society
425,True,NARCOTICS,POSSESS DRUG EQUIPMENT,Society
426,False,NARCOTICS,POSSESS DRUG EQUIPMENT,Society
427,True,NARCOTICS,POSSESS HALLUCINOGENS,Society
428,False,NARCOTICS,POSSESS HALLUCINOGENS,Society
429,True,NARCOTICS,POSSESS HEROIN (BLACK TAR),Society
430,False,NARCOTICS,POSSESS HEROIN (BLACK TAR),Society
431,True,NARCOTICS,"POSSESS HEROIN (BRN, TAN)",Society
432,False,NARCOTICS,"POSSESS HEROIN (BRN, TAN)",Society
433,True,NARCOTICS,"POSSESS HEROIN (TAN, BROWN TAR)",Society
434,False,NARCOTICS,"POSSESS HEROIN (TAN, BROWN TAR)",Society
435,True,NARCOTICS,POSSESS HEROIN (WHITE),Society
436,False,NARCOTICS,POSSESS HEROIN (WHITE),Society
437,True,NARCOTICS,POSSESS HYPODERMIC NEEDLE,Society
438,False,NARCOTICS,POSSESS HYPODERMIC NEEDLE,Society
439,True,NARCOTICS,POSSESS LOOK ALIKE DRUGS,Society
440,False,NARCOTICS,POSSESS LOOK ALIKE DRUGS,Society
441,True,NARCOTICS,POSSESS METHAMPHETAMINES,Society
442,False,NARCOTICS,POSSESS METHAMPHETAMINES,Society
443,True,NARCOTICS,POSSESS PCP,Society
444,False,NARCOTICS,POSSESS PCP,Society
445,True,NARCOTICS,POSSESS SYNTHETIC DRUGS,Society
446,False,NARCOTICS,POSSESS SYNTHETIC DRUGS,Society
447,True,NARCOTICS,POSSESS SYNTHETIC MARIJUANA,Society
448,False,NARCOTICS,POSSESS SYNTHETIC MARIJUANA,Society
449,True,NARCOTICS,"SALE, DELIVER DRUG PARAPHERNALIA",Society
450,False,NARCOTICS,"SALE, DELIVER DRUG PARAPHERNALIA",Society
451,True,NARCOTICS,"SALE, DELIVER HYPODERMIC NEEDLE",Society
452,False,NARCOTICS,"SALE, DELIVER HYPODERMIC NEEDLE",Society
453,True,NARCOTICS,SOLICIT NARCOTICS ON PUBLIC WAY,Society
454,False,NARCOTICS,SOLICIT NARCOTICS ON PUBLIC WAY,Society
455,True,NON-CRIMINAL,CONCEALED CARRY LICENSE REVOCATION,Other
456,False,NON-CRIMINAL,CONCEALED CARRY LICENSE REVOCATION,Other
457,True,NON-CRIMINAL,FOID REVOCATION,Other
458,False,NON-CRIMINAL,FOID REVOCATION,Other
459,True,NON-CRIMINAL,FOUND PASSPORT,Other
460,False,NON-CRIMINAL,FOUND PASSPORT,Other
461,True,NON-CRIMINAL,GUN OFFENDER NOTIFICATION NO CONTACT,Other
462,False,NON-CRIMINAL,GUN OFFENDER NOTIFICATION NO CONTACT,Other
463,True,NON-CRIMINAL,LOST PASSPORT,Other
464,False,NON-CRIMINAL,LOST PASSPORT,Other
465,True,NON-CRIMINAL,NOTIFICATION OF STALKING NO CONTACT ORDER,Other
466,False,NON-CRIMINAL,NOTIFICATION OF STALKING NO CONTACT ORDER,Other
467,True,NON-CRIMINAL (SUBJECT SPECIFIED),NOTIFICATION OF CIVIL NO CONTACT ORDER,Other
468,False,NON-CRIMINAL (SUBJECT SPECIFIED),NOTIFICATION OF CIVIL NO CONTACT ORDER,Other
469,True,OBSCENITY,OBSCENE MATTER,Society
470,False,OBSCENITY,OBSCENE MATTER,Society
471,True,OBSCENITY,OBSCENITY,Society
472,False,OBSCENITY,OBSCENITY,Society
473,True,OBSCENITY,SALE OF OBSCENE MATERIALS,Society
474,False,OBSCENITY,SALE OF OBSCENE MATERIALS,Society
475,True,OBSCENITY,"SALE, DISTRIBUTE OBSCENE MATERIAL TO MINOR",Society
476,False,OBSCENITY,"SALE, DISTRIBUTE OBSCENE MATERIAL TO MINOR",Society
477,True,OFFENSE INVOLVING CHILDREN,AGGRAVATED CRIMINAL SEXUAL ABUSE FAMILY MEMBER,Person
478,False,OFFENSE INVOLVING CHILDREN,AGGRAVATED CRIMINAL SEXUAL ABUSE FAMILY MEMBER,Person
479,True,OFFENSE INVOLVING CHILDREN,AGGRAVATED SEXUAL ASSAULT OF CHILD BY FAMILY MEMBER,Person
480,False,OFFENSE INVOLVING CHILDREN,AGGRAVATED SEXUAL ASSAULT OF CHILD BY FAMILY MEMBER,Person
481,True,OFFENSE INVOLVING CHILDREN,AGGRAVATED SEXUAL ASSAULT OF CHILD FAMILY MEMBER,Person
482,False,OFFENSE INVOLVING CHILDREN,AGGRAVATED SEXUAL ASSAULT OF CHILD FAMILY MEMBER,Person
483,True,OFFENSE INVOLVING CHILDREN,CHILD ABANDONMENT,Person
484,False,OFFENSE INVOLVING CHILDREN,CHILD ABANDONMENT,Person
485,True,OFFENSE INVOLVING CHILDREN,CHILD ABDUCTION,Person
486,False,OFFENSE INVOLVING CHILDREN,CHILD ABDUCTION,Person
487,True,OFFENSE INVOLVING CHILDREN,CHILD ABUSE,Person
488,False,OFFENSE INVOLVING CHILDREN,CHILD ABUSE,Person
489,True,OFFENSE INVOLVING CHILDREN,CHILD PORNOGRAPHY,Person
490,False,OFFENSE INVOLVING CHILDREN,CHILD PORNOGRAPHY,Person
491,True,OFFENSE INVOLVING CHILDREN,CONTRIBUTE CRIMINAL DELINQUENCY JUVENILE,Person
492,False,OFFENSE INVOLVING CHILDREN,CONTRIBUTE CRIMINAL DELINQUENCY JUVENILE,Person
493,True,OFFENSE INVOLVING CHILDREN,CONTRIBUTE DELINQUENCY OF A CHILD,Person
494,False,OFFENSE INVOLVING CHILDREN,CONTRIBUTE DELINQUENCY OF A CHILD,Person
495,True,OFFENSE INVOLVING CHILDREN,CONTRIBUTE TO THE CRIMINAL DELINQUENCY OF CHILD,Person
496,False,OFFENSE INVOLVING CHILDREN,CONTRIBUTE TO THE CRIMINAL DELINQUENCY OF CHILD,Person
497,True,OFFENSE INVOLVING CHILDREN,CONTRIBUTE TO THE DELINQUENCY OF CHILD,Person
498,False,OFFENSE INVOLVING CHILDREN,CONTRIBUTE TO THE DELINQUENCY OF CHILD,Person
499,True,OFFENSE INVOLVING CHILDREN,CRIMINAL SEXUAL ABUSE BY FAMILY MEMBER,Person
500,False,OFFENSE INVOLVING CHILDREN,CRIMINAL SEXUAL ABUSE BY FAMILY MEMBER,Person
501,True,OFFENSE INVOLVING CHILDREN,"ENDANGERING LIFE, HEALTH OF CHILD",Person
502,False,OFFENSE INVOLVING CHILDREN,"ENDANGERING LIFE, HEALTH OF CHILD",Person
503,True,OFFENSE INVOLVING CHILDREN,HARBOR RUNAWAY,Person
504,False,OFFENSE INVOLVING CHILDREN,HARBOR RUNAWAY,Person
505,True,OFFENSE INVOLVING CHILDREN,OTHER OFFENSE,Person
506,False,OFFENSE INVOLVING CHILDREN,OTHER OFFENSE,Person
507,True,OFFENSE INVOLVING CHILDREN,POSSESS PORNOGRAPHIC PRINT,Person
508,False,OFFENSE INVOLVING CHILDREN,POSSESS PORNOGRAPHIC PRINT,Person
509,True,OFFENSE INVOLVING CHILDREN,SALE TOBACCO PRODUCTS TO MINOR,Person
510,False,OFFENSE INVOLVING CHILDREN,SALE TOBACCO PRODUCTS TO MINOR,Person
511,True,OFFENSE INVOLVING CHILDREN,SEXUAL ASSAULT OF CHILD BY FAMILY MEMBER,Person
512,False,OFFENSE INVOLVING CHILDREN,SEXUAL ASSAULT OF CHILD BY FAMILY MEMBER,Person
513,True,OTHER NARCOTIC VIOLATION,INTOXICATING COMPOUNDS,Society
514,False,OTHER NARCOTIC VIOLATION,INTOXICATING COMPOUNDS,Society
515,True,OTHER OFFENSE,"ABUSE, NEGLECT CARE FACILITY",Other
516,False,OTHER OFFENSE,"ABUSE, NEGLECT CARE FACILITY",Other
517,True,OTHER OFFENSE,"ANIMAL ABUSE, NEGLECT",Other
518,False,OTHER OFFENSE,"ANIMAL ABUSE, NEGLECT",Other
519,True,OTHER OFFENSE,ANIMAL FIGHTING,Other
520,False,OTHER OFFENSE,ANIMAL FIGHTING,Other
521,True,OTHER OFFENSE,ARSONIST ANNUAL REGISTRATION,Other
522,False,OTHER OFFENSE,ARSONIST ANNUAL REGISTRATION,Other
523,True,OTHER OFFENSE,ARSONIST DUTY TO REGISTER,Other
524,False,OTHER OFFENSE,ARSONIST DUTY TO REGISTER,Other
525,True,OTHER OFFENSE,ARSONIST FAIL TO REGISTER NEW ADDRESS,Other
526,False,OTHER OFFENSE,ARSONIST FAIL TO REGISTER NEW ADDRESS,Other
527,True,OTHER OFFENSE,BOARD PLANE WITH WEAPON,Other
528,False,OTHER OFFENSE,BOARD PLANE WITH WEAPON,Other
529,True,OTHER OFFENSE,COMPOUNDING A CRIME,Other
530,False,OTHER OFFENSE,COMPOUNDING A CRIME,Other
531,True,OTHER OFFENSE,DISCLOSE DOMESTIC VIOLENCE VICTIM LOCATION,Other
532,False,OTHER OFFENSE,DISCLOSE DOMESTIC VIOLENCE VICTIM LOCATION,Other
533,True,OTHER OFFENSE,EAVESDROPPING,Other
534,False,OTHER OFFENSE,EAVESDROPPING,Other
535,True,OTHER OFFENSE,"FALSE, STOLEN, ALTERED TRP",Other
536,False,OTHER OFFENSE,"FALSE, STOLEN, ALTERED TRP",Other
537,True,OTHER OFFENSE,FIREARM REGISTRATION VIOLATION,Other
538,False,OTHER OFFENSE,FIREARM REGISTRATION VIOLATION,Other
539,True,OTHER OFFENSE,GUN OFFENDER ANNUAL REGISTRATION,Other
540,False,OTHER OFFENSE,GUN OFFENDER ANNUAL REGISTRATION,Other
541,True,OTHER OFFENSE,GUN OFFENDER DUTY TO REGISTER,Other
542,False,OTHER OFFENSE,GUN OFFENDER DUTY TO REGISTER,Other
543,True,OTHER OFFENSE,GUN OFFENDER DUTY TO REPORT CHANGE OF INFORMATION,Other
544,False,OTHER OFFENSE,GUN OFFENDER DUTY TO REPORT CHANGE OF INFORMATION,Other
545,True,OTHER OFFENSE,HARASSMENT BY ELECTRONIC MEANS,Other
546,False,OTHER OFFENSE,HARASSMENT BY ELECTRONIC MEANS,Other
547,True,OTHER OFFENSE,HARASSMENT BY TELEPHONE,Other
548,False,OTHER OFFENSE,HARASSMENT BY TELEPHONE,Other
549,True,OTHER OFFENSE,HAZARDOUS MATERIALS VIOLATION,Other
550,False,OTHER OFFENSE,HAZARDOUS MATERIALS VIOLATION,Other
551,True,OTHER OFFENSE,INTERFERE WITH HIGHER EDUCATION,Other
552,False,OTHER OFFENSE,INTERFERE WITH HIGHER EDUCATION,Other
553,True,OTHER OFFENSE,LICENSE VIOLATION,Other
554,False,OTHER OFFENSE,LICENSE VIOLATION,Other
555,True,OTHER OFFENSE,MONEY LAUNDERING,Other
556,False,OTHER OFFENSE,MONEY LAUNDERING,Other
557,True,OTHER OFFENSE,OBSCENE TELEPHONE CALLS,Other
558,False,OTHER OFFENSE,OBSCENE TELEPHONE CALLS,Other
559,True,OTHER OFFENSE,"OTHER ARSON, EXPLOSIVE INCIDENT",Other
560,False,OTHER OFFENSE,"OTHER ARSON, EXPLOSIVE INCIDENT",Other
561,True,OTHER OFFENSE,OTHER CRIME AGAINST PERSON,Other
562,False,OTHER OFFENSE,OTHER CRIME AGAINST PERSON,Other
563,True,OTHER OFFENSE,OTHER CRIMINAL INVOLVING PROPERTY,Property
564,False,OTHER OFFENSE,OTHER CRIMINAL INVOLVING PROPERTY,Property
565,True,OTHER OFFENSE,OTHER VEHICLE OFFENSE,Other
566,False,OTHER OFFENSE,OTHER VEHICLE OFFENSE,Other
567,True,OTHER OFFENSE,OTHER WEAPONS VIOLATION,Other
568,False,OTHER OFFENSE,OTHER WEAPONS VIOLATION,Other
569,True,OTHER OFFENSE,PAROLE VIOLATION,Other
570,False,OTHER OFFENSE,PAROLE VIOLATION,Other
571,True,OTHER OFFENSE,POSSESS BURGLARY TOOLS,Other
572,False,OTHER OFFENSE,POSSESS BURGLARY TOOLS,Other
573,True,OTHER OFFENSE,PROBATION VIOLATION,Other
574,False,OTHER OFFENSE,PROBATION VIOLATION,Other
575,True,OTHER OFFENSE,SEXUAL OFFENDER FAIL TO REGISTER,Other
576,False,OTHER OFFENSE,SEXUAL OFFENDER FAIL TO REGISTER,Other
577,True,OTHER OFFENSE,SEXUAL OFFENDER FAIL TO REGISTER NEW ADDRESS,Other
578,False,OTHER OFFENSE,SEXUAL OFFENDER FAIL TO REGISTER NEW ADDRESS,Other
579,True,OTHER OFFENSE,SEXUAL OFFENDER PROHIBITED ZONE,Other
580,False,OTHER OFFENSE,SEXUAL OFFENDER PROHIBITED ZONE,Other
581,True,OTHER OFFENSE,TAMPER WITH MOTOR VEHICLE,Other
582,False,OTHER OFFENSE,TAMPER WITH MOTOR VEHICLE,Other
583,True,OTHER OFFENSE,TELEPHONE THREAT,Other
584,False,OTHER OFFENSE,TELEPHONE THREAT,Other
585,True,OTHER OFFENSE,UNLAWFUL USE OF BODY ARMOR,Other
586,False,OTHER OFFENSE,UNLAWFUL USE OF BODY ARMOR,Other
587,True,OTHER OFFENSE,"VEHICLE TITLE, REGISTRATION OFFENSE",Other
588,False,OTHER OFFENSE,"VEHICLE TITLE, REGISTRATION OFFENSE",Other
589,True,OTHER OFFENSE,VIOLATE BAIL BOND DOMESTIC VIOLENCE,Other
590,False,OTHER OFFENSE,VIOLATE BAIL BOND DOMESTIC VIOLENCE,Other
591,True,OTHER OFFENSE,VIOLATE CIVIL NO CONTACT ORDER,Other
592,False,OTHER OFFENSE,VIOLATE CIVIL NO CONTACT ORDER,Other
593,True,OTHER OFFENSE,VIOLATE GPS MONITORING DEVICE,Other
594,False,OTHER OFFENSE,VIOLATE GPS MONITORING DEVICE,Other
595,True,OTHER OFFENSE,VIOLATE ORDER OF PROTECTION,Other
596,False,OTHER OFFENSE,VIOLATE ORDER OF PROTECTION,Other
597,True,OTHER OFFENSE,VIOLATE SMOKING BAN,Other
598,False,OTHER OFFENSE,VIOLATE SMOKING BAN,Other
599,True,OTHER OFFENSE,VIOLATE SUMMARY CLOSURE,Other
600,False,OTHER OFFENSE,VIOLATE SUMMARY CLOSURE,Other
601,True,OTHER OFFENSE,VIOLENT OFFENDER ANNUAL REGISTRATION,Other
602,False,OTHER OFFENSE,VIOLENT OFFENDER ANNUAL REGISTRATION,Other
603,True,OTHER OFFENSE,VIOLENT OFFENDER DUTY TO REGISTER,Other
604,False,OTHER OFFENSE,VIOLENT OFFENDER DUTY TO REGISTER,Other
605,True,OTHER OFFENSE,VIOLENT OFFENDER FAIL TO REGISTER NEW ADDRESS,Other
606,False,OTHER OFFENSE,VIOLENT OFFENDER FAIL TO REGISTER NEW ADDRESS,Other
607,True,PROSTITUTION,CAB OPERATION,Society
608,False,PROSTITUTION,CAB OPERATION,Society
609,True,PROSTITUTION,CALL OPERATION,Society
610,False,PROSTITUTION,CALL OPERATION,Society
611,True,PROSTITUTION,IN TAVERN,Society
612,False,PROSTITUTION,IN TAVERN,Society
613,True,PROSTITUTION,JUVENILE PIMPING,Society
614,False,PROSTITUTION,JUVENILE PIMPING,Society
615,True,PROSTITUTION,KEEP PLACE OF PROSTITUTION,Society
616,False,PROSTITUTION,KEEP PLACE OF PROSTITUTION,Society
617,True,PROSTITUTION,OTHER PROSTITUTION OFFENSE,Society
618,False,PROSTITUTION,OTHER PROSTITUTION OFFENSE,Society
619,True,PROSTITUTION,PANDERING,Society
620,False,PROSTITUTION,PANDERING,Society
621,True,PROSTITUTION,PATRONIZE JUVENILE PROSTITUTE,Society
622,False,PROSTITUTION,PATRONIZE JUVENILE PROSTITUTE,Society
623,True,PROSTITUTION,PATRONIZING A PROSTITUTE,Society
624,False,PROSTITUTION,PATRONIZING A PROSTITUTE,Society
625,True,PROSTITUTION,PIMPING,Society
626,False,PROSTITUTION,PIMPING,Society
627,True,PROSTITUTION,SOLICIT FOR BUSINESS,Society
628,False,PROSTITUTION,SOLICIT FOR BUSINESS,Society
629,True,PROSTITUTION,SOLICIT FOR PROSTITUTE,Society
630,False,PROSTITUTION,SOLICIT FOR PROSTITUTE,Society
631,True,PROSTITUTION,SOLICIT OFF PUBLIC WAY,Society
632,False,PROSTITUTION,SOLICIT OFF PUBLIC WAY,Society
633,True,PROSTITUTION,SOLICIT ON PUBLIC WAY,Society
634,False,PROSTITUTION,SOLICIT ON PUBLIC WAY,Society
635,True,PUBLIC INDECENCY,LICENSED PREMISE,Society
636,False,PUBLIC INDECENCY,LICENSED PREMISE,Society
637,True,PUBLIC PEACE VIOLATION,ARMED VIOLENCE,Society
638,False,PUBLIC PEACE VIOLATION,ARMED VIOLENCE,Society
639,True,PUBLIC PEACE VIOLATION,ARSON THREAT,Society
640,False,PUBLIC PEACE VIOLATION,ARSON THREAT,Society
641,True,PUBLIC PEACE VIOLATION,BOMB THREAT,Society
642,False,PUBLIC PEACE VIOLATION,BOMB THREAT,Society
643,True,PUBLIC PEACE VIOLATION,FALSE FIRE ALARM,Society
644,False,PUBLIC PEACE VIOLATION,FALSE FIRE ALARM,Society
645,True,PUBLIC PEACE VIOLATION,FALSE POLICE REPORT,Society
646,False,PUBLIC PEACE VIOLATION,FALSE POLICE REPORT,Society
647,True,PUBLIC PEACE VIOLATION,INTERFERE WITH EMERGENCY EQUIPMENT,Society
648,False,PUBLIC PEACE VIOLATION,INTERFERE WITH EMERGENCY EQUIPMENT,Society
649,True,PUBLIC PEACE VIOLATION,LOOTING,Society
650,False,PUBLIC PEACE VIOLATION,LOOTING,Society
651,True,PUBLIC PEACE VIOLATION,MOB ACTION,Society
652,False,PUBLIC PEACE VIOLATION,MOB ACTION,Society
653,True,PUBLIC PEACE VIOLATION,OTHER VIOLATION,Society
654,False,PUBLIC PEACE VIOLATION,OTHER VIOLATION,Society
655,True,PUBLIC PEACE VIOLATION,PEEPING TOM,Society
656,False,PUBLIC PEACE VIOLATION,PEEPING TOM,Society
657,True,PUBLIC PEACE VIOLATION,PUBLIC DEMONSTRATION,Society
658,False,PUBLIC PEACE VIOLATION,PUBLIC DEMONSTRATION,Society
659,True,PUBLIC PEACE VIOLATION,RECKLESS CONDUCT,Society
660,False,PUBLIC PEACE VIOLATION,RECKLESS CONDUCT,Society
661,True,PUBLIC PEACE VIOLATION,"SELL, ADVERTISE FIREWORKS",Society
662,False,PUBLIC PEACE VIOLATION,"SELL, ADVERTISE FIREWORKS",Society
663,True,PUBLIC PEACE VIOLATION,TIRE DEFLATION DEVICE DEPLOYMENT,Society
664,False,PUBLIC PEACE VIOLATION,TIRE DEFLATION DEVICE DEPLOYMENT,Society
665,True,RITUALISM,"AGG. RITUAL MUTILATION-HANDS, FISTS, FEET, SERIOUS INJURY",Person
666,False,RITUALISM,"AGG. RITUAL MUTILATION-HANDS, FISTS, FEET, SERIOUS INJURY",Person
667,True,ROBBERY,AGGRAVATED,Property
668,False,ROBBERY,AGGRAVATED,Property
669,True,ROBBERY,AGGRAVATED VEHICULAR HIJACKING,Property
670,False,ROBBERY,AGGRAVATED VEHICULAR HIJACKING,Property
671,True,ROBBERY,ARMED HANDGUN,Property
672,False,ROBBERY,ARMED HANDGUN,Property
673,True,ROBBERY,"ARMED KNIFE, CUTTING INSTRUMENT",Property
674,False,ROBBERY,"ARMED KNIFE, CUTTING INSTRUMENT",Property
675,True,ROBBERY,ARMED OTHER DANGEROUS WEAPON,Property
676,False,ROBBERY,ARMED OTHER DANGEROUS WEAPON,Property
677,True,ROBBERY,ARMED OTHER FIREARM,Property
678,False,ROBBERY,ARMED OTHER FIREARM,Property
679,True,ROBBERY,ATTEMPT AGGRAVATED,Property
680,False,ROBBERY,ATTEMPT AGGRAVATED,Property
681,True,ROBBERY,ATTEMPT ARMED HANDGUN,Property
682,False,ROBBERY,ATTEMPT ARMED HANDGUN,Property
683,True,ROBBERY,"ATTEMPT ARMED KNIFE, CUTTING INSTRUMENT",Property
684,False,ROBBERY,"ATTEMPT ARMED KNIFE, CUTTING INSTRUMENT",Property
685,True,ROBBERY,ATTEMPT ARMED OTHER DANGEROUS WEAPON,Property
686,False,ROBBERY,ATTEMPT ARMED OTHER DANGEROUS WEAPON,Property
687,True,ROBBERY,ATTEMPT ARMED OTHER FIREARM,Property
688,False,ROBBERY,ATTEMPT ARMED OTHER FIREARM,Property
689,True,ROBBERY,ATTEMPT STRONGARM NO WEAPON,Property
690,False,ROBBERY,ATTEMPT STRONGARM NO WEAPON,Property
691,True,ROBBERY,STRONGARM NO WEAPON,Property
692,False,ROBBERY,STRONGARM NO WEAPON,Property
693,True,ROBBERY,VEHICULAR HIJACKING,Property
694,False,ROBBERY,VEHICULAR HIJACKING,Property
695,True,SEX OFFENSE,AGGRAVATED CRIMINAL SEXUAL ABUSE,Person
696,False,SEX OFFENSE,AGGRAVATED CRIMINAL SEXUAL ABUSE,Person
697,True,SEX OFFENSE,ATTEMPT AGGRAVATED CRIMINAL SEXUAL ABUSE,Person
698,False,SEX OFFENSE,ATTEMPT AGGRAVATED CRIMINAL SEXUAL ABUSE,Person
699,True,SEX OFFENSE,ATTEMPT CRIMINAL SEXUAL ABUSE,Person
700,False,SEX OFFENSE,ATTEMPT CRIMINAL SEXUAL ABUSE,Person
701,True,SEX OFFENSE,BIGAMY,Person
702,False,SEX OFFENSE,BIGAMY,Person
703,True,SEX OFFENSE,CRIMINAL SEXUAL ABUSE,Person
704,False,SEX OFFENSE,CRIMINAL SEXUAL ABUSE,Person
705,True,SEX OFFENSE,CRIMINAL TRANSMISSION OF HIV,Person
706,False,SEX OFFENSE,CRIMINAL TRANSMISSION OF HIV,Person
707,True,SEX OFFENSE,FORNICATION,Person
708,False,SEX OFFENSE,FORNICATION,Person
709,True,SEX OFFENSE,INDECENT SOLICITATION OF A CHILD,Person
710,False,SEX OFFENSE,INDECENT SOLICITATION OF A CHILD,Person
711,True,SEX OFFENSE,INDECENT SOLICITATION OF AN ADULT,Person
712,False,SEX OFFENSE,INDECENT SOLICITATION OF AN ADULT,Person
713,True,SEX OFFENSE,NON CONSENSUAL DISSEMINATION OF PRIVATE SEXUAL IMAGES,Person
714,False,SEX OFFENSE,NON CONSENSUAL DISSEMINATION OF PRIVATE SEXUAL IMAGES,Person
715,True,SEX OFFENSE,OTHER,Person
716,False,SEX OFFENSE,OTHER,Person
717,True,SEX OFFENSE,PUBLIC INDECENCY,Person
718,False,SEX OFFENSE,PUBLIC INDECENCY,Person
719,True,SEX OFFENSE,SEXUAL EXPLOITATION OF A CHILD,Person
720,False,SEX OFFENSE,SEXUAL EXPLOITATION OF A CHILD,Person
721,True,SEX OFFENSE,SEXUAL RELATIONS IN FAMILY,Person
722,False,SEX OFFENSE,SEXUAL RELATIONS IN FAMILY,Person
723,True,STALKING,AGGRAVATED,Person
724,False,STALKING,AGGRAVATED,Person
725,True,STALKING,CYBERSTALKING,Person
726,False,STALKING,CYBERSTALKING,Person
727,True,STALKING,SIMPLE,Person
728,False,STALKING,SIMPLE,Person
729,True,STALKING,VIOLATE STALKING NO CONTACT ORDER,Person
730,False,STALKING,VIOLATE STALKING NO CONTACT ORDER,Person
731,True,THEFT,$500 AND UNDER,Property
732,False,THEFT,$500 AND UNDER,Property
733,True,THEFT,AGGRAVATED FINANCIAL ID THEFT,Property
734,False,THEFT,AGGRAVATED FINANCIAL ID THEFT,Property
735,True,THEFT,ATTEMPT FINANCIAL IDENTITY THEFT,Property
736,False,THEFT,ATTEMPT FINANCIAL IDENTITY THEFT,Property
737,True,THEFT,ATTEMPT THEFT,Property
738,False,THEFT,ATTEMPT THEFT,Property
739,True,THEFT,DELIVERY CONTAINER THEFT,Property
740,False,THEFT,DELIVERY CONTAINER THEFT,Property
741,True,THEFT,FINANCIAL IDENTITY THEFT $300 AND UNDER,Property
742,False,THEFT,FINANCIAL IDENTITY THEFT $300 AND UNDER,Property
743,True,THEFT,FINANCIAL IDENTITY THEFT OVER $ 300,Property
744,False,THEFT,FINANCIAL IDENTITY THEFT OVER $ 300,Property
745,True,THEFT,FROM BUILDING,Property
746,False,THEFT,FROM BUILDING,Property
747,True,THEFT,FROM COIN OPERATED MACHINE OR DEVICE,Property
748,False,THEFT,FROM COIN OPERATED MACHINE OR DEVICE,Property
749,True,THEFT,OVER $500,Property
750,False,THEFT,OVER $500,Property
751,True,THEFT,POCKET PICKING,Property
752,False,THEFT,POCKET PICKING,Property
753,True,THEFT,PURSE SNATCHING,Property
754,False,THEFT,PURSE SNATCHING,Property
755,True,THEFT,RETAIL THEFT,Property
756,False,THEFT,RETAIL THEFT,Property
757,True,THEFT,THEFT RETAIL,Property
758,False,THEFT,THEFT RETAIL,Property
759,True,WEAPONS VIOLATION,DEFACE IDENTIFICATION MARKS OF FIREARM,Society
760,False,WEAPONS VIOLATION,DEFACE IDENTIFICATION MARKS OF FIREARM,Society
761,True,WEAPONS VIOLATION,"POSSESS FIREARM, AMMUNITION NO FOID CARD",Society
762,False,WEAPONS VIOLATION,"POSSESS FIREARM, AMMUNITION NO FOID CARD",Society
763,True,WEAPONS VIOLATION,RECKLESS FIREARM DISCHARGE,Society
764,False,WEAPONS VIOLATION,RECKLESS FIREARM DISCHARGE,Society
765,True,WEAPONS VIOLATION,UNLAWFUL POSSESS AMMUNITION,Society
766,False,WEAPONS VIOLATION,UNLAWFUL POSSESS AMMUNITION,Society
767,True,WEAPONS VIOLATION,UNLAWFUL POSSESS HANDGUN,Society
768,False,WEAPONS VIOLATION,UNLAWFUL POSSESS HANDGUN,Society
769,True,WEAPONS VIOLATION,UNLAWFUL POSSESS OTHER FIREARM,Society
770,False,WEAPONS VIOLATION,UNLAWFUL POSSESS OTHER FIREARM,Society
771,True,WEAPONS VIOLATION,UNLAWFUL SALE HANDGUN,Society
772,False,WEAPONS VIOLATION,UNLAWFUL SALE HANDGUN,Society
773,True,WEAPONS VIOLATION,UNLAWFUL SALE OTHER FIREARM,Society
774,False,WEAPONS VIOLATION,UNLAWFUL SALE OTHER FIREARM,Society
775,True,WEAPONS VIOLATION,"UNLAWFUL SALE, DELIVERY OF FIREARM AT SCHOOL",Society
776,False,WEAPONS VIOLATION,"UNLAWFUL SALE, DELIVERY OF FIREARM AT SCHOOL",Society
777,True,WEAPONS VIOLATION,UNLAWFUL USE HANDGUN,Society
778,False,WEAPONS VIOLATION,UNLAWFUL USE HANDGUN,Society
779,True,WEAPONS VIOLATION,UNLAWFUL USE OTHER DANGEROUS WEAPON,Society
780,False,WEAPONS VIOLATION,UNLAWFUL USE OTHER DANGEROUS WEAPON,Society
781,True,WEAPONS VIOLATION,UNLAWFUL USE OTHER FIREARM,Society
782,False,WEAPONS VIOLATION,UNLAWFUL USE OTHER FIREARM,Society
783,True,WEAPONS VIOLATION,"UNLAWFUL USE, SALE AIR RIFLE",Society
784,False,WEAPONS VIOLATION,"UNLAWFUL USE, SALE AIR RIFLE",Society
785,True,WEAPONS VIOLATION,USE OF METAL PIERCING BULLETS,Society
786,False,WEAPONS VIOLATION,USE OF METAL PIERCING BULLETS,Society
