Community Area,Major Region,Major SubRegion,Community Area ID,Year,Population
ALBANY PARK,North Side,Far North Side,14,2000,57655
ALBANY PARK,North Side,Far North Side,14,2010,51542
ALBANY PARK,North Side,Far North Side,14,2011,53389
ALBANY PARK,North Side,Far North Side,14,2012,53089
ALBANY PARK,North Side,Far North Side,14,2013,52790
ALBANY PARK,North Side,Far North Side,14,2014,52930
ALBANY PARK,North Side,Far North Side,14,2015,52079
ALBANY PARK,North Side,Far North Side,14,2016,51891
ALBANY PARK,North Side,Far North Side,14,2017,51591
ALBANY PARK,North Side,Far North Side,14,2018,51291
ALBANY PARK,North Side,Far North Side,14,2019,50992
ALBANY PARK,North Side,Far North Side,14,2020,51542
ALBANY PARK,North Side,Far North Side,14,2021,50392
ALBANY PARK,North Side,Far North Side,14,2022,50093
ALBANY PARK,North Side,Far North Side,14,2023,49793
ARCHER HEIGHTS,South Side,Southwest Side,57,2000,12644
ARCHER HEIGHTS,South Side,Southwest Side,57,2010,13393
ARCHER HEIGHTS,South Side,Southwest Side,57,2011,13298
ARCHER HEIGHTS,South Side,Southwest Side,57,2012,13342
ARCHER HEIGHTS,South Side,Southwest Side,57,2013,13385
ARCHER HEIGHTS,South Side,Southwest Side,57,2014,13971
ARCHER HEIGHTS,South Side,Southwest Side,57,2015,13266
ARCHER HEIGHTS,South Side,Southwest Side,57,2016,13514
ARCHER HEIGHTS,South Side,Southwest Side,57,2017,13557
ARCHER HEIGHTS,South Side,Southwest Side,57,2018,13601
ARCHER HEIGHTS,South Side,Southwest Side,57,2019,13644
ARCHER HEIGHTS,South Side,Southwest Side,57,2020,13393
ARCHER HEIGHTS,South Side,Southwest Side,57,2021,13730
ARCHER HEIGHTS,South Side,Southwest Side,57,2022,13773
ARCHER HEIGHTS,South Side,Southwest Side,57,2023,13816
ARMOUR SQUARE,South Side,South Side,34,2000,12032
ARMOUR SQUARE,South Side,South Side,34,2010,13391
ARMOUR SQUARE,South Side,South Side,34,2011,13288
ARMOUR SQUARE,South Side,South Side,34,2012,13375
ARMOUR SQUARE,South Side,South Side,34,2013,13461
ARMOUR SQUARE,South Side,South Side,34,2014,13907
ARMOUR SQUARE,South Side,South Side,34,2015,14068
ARMOUR SQUARE,South Side,South Side,34,2016,13719
ARMOUR SQUARE,South Side,South Side,34,2017,13805
ARMOUR SQUARE,South Side,South Side,34,2018,13891
ARMOUR SQUARE,South Side,South Side,34,2019,13977
ARMOUR SQUARE,South Side,South Side,34,2020,13391
ARMOUR SQUARE,South Side,South Side,34,2021,14149
ARMOUR SQUARE,South Side,South Side,34,2022,14235
ARMOUR SQUARE,South Side,South Side,34,2023,14321
ASHBURN,South Side,Far Southwest Side,70,2000,39584
ASHBURN,South Side,Far Southwest Side,70,2010,41081
ASHBURN,South Side,Far Southwest Side,70,2011,41365
ASHBURN,South Side,Far Southwest Side,70,2012,41485
ASHBURN,South Side,Far Southwest Side,70,2013,41604
ASHBURN,South Side,Far Southwest Side,70,2014,42809
ASHBURN,South Side,Far Southwest Side,70,2015,42752
ASHBURN,South Side,Far Southwest Side,70,2016,41962
ASHBURN,South Side,Far Southwest Side,70,2017,42081
ASHBURN,South Side,Far Southwest Side,70,2018,42200
ASHBURN,South Side,Far Southwest Side,70,2019,42320
ASHBURN,South Side,Far Southwest Side,70,2020,41081
ASHBURN,South Side,Far Southwest Side,70,2021,42558
ASHBURN,South Side,Far Southwest Side,70,2022,42678
ASHBURN,South Side,Far Southwest Side,70,2023,42797
AUBURN GRESHAM,South Side,Far Southwest Side,71,2000,55928
AUBURN GRESHAM,South Side,Far Southwest Side,71,2010,48743
AUBURN GRESHAM,South Side,Far Southwest Side,71,2011,49717
AUBURN GRESHAM,South Side,Far Southwest Side,71,2012,49287
AUBURN GRESHAM,South Side,Far Southwest Side,71,2013,48857
AUBURN GRESHAM,South Side,Far Southwest Side,71,2014,47611
AUBURN GRESHAM,South Side,Far Southwest Side,71,2015,45842
AUBURN GRESHAM,South Side,Far Southwest Side,71,2016,47569
AUBURN GRESHAM,South Side,Far Southwest Side,71,2017,47139
AUBURN GRESHAM,South Side,Far Southwest Side,71,2018,46710
AUBURN GRESHAM,South Side,Far Southwest Side,71,2019,46280
AUBURN GRESHAM,South Side,Far Southwest Side,71,2020,48743
AUBURN GRESHAM,South Side,Far Southwest Side,71,2021,45421
AUBURN GRESHAM,South Side,Far Southwest Side,71,2022,44992
AUBURN GRESHAM,South Side,Far Southwest Side,71,2023,44562
AUSTIN,West Side,West Side,25,2000,117527
AUSTIN,West Side,West Side,25,2010,98514
AUSTIN,West Side,West Side,25,2011,103180
AUSTIN,West Side,West Side,25,2012,102182
AUSTIN,West Side,West Side,25,2013,101183
AUSTIN,West Side,West Side,25,2014,99711
AUSTIN,West Side,West Side,25,2015,97643
AUSTIN,West Side,West Side,25,2016,98187
AUSTIN,West Side,West Side,25,2017,97188
AUSTIN,West Side,West Side,25,2018,96189
AUSTIN,West Side,West Side,25,2019,95191
AUSTIN,West Side,West Side,25,2020,98514
AUSTIN,West Side,West Side,25,2021,93193
AUSTIN,West Side,West Side,25,2022,92195
AUSTIN,West Side,West Side,25,2023,91196
AVALON PARK,South Side,Far Southeast Side,45,2000,11147
AVALON PARK,South Side,Far Southeast Side,45,2010,10185
AVALON PARK,South Side,Far Southeast Side,45,2011,10319
AVALON PARK,South Side,Far Southeast Side,45,2012,10262
AVALON PARK,South Side,Far Southeast Side,45,2013,10204
AVALON PARK,South Side,Far Southeast Side,45,2014,10071
AVALON PARK,South Side,Far Southeast Side,45,2015,9780
AVALON PARK,South Side,Far Southeast Side,45,2016,10032
AVALON PARK,South Side,Far Southeast Side,45,2017,9975
AVALON PARK,South Side,Far Southeast Side,45,2018,9917
AVALON PARK,South Side,Far Southeast Side,45,2019,9860
AVALON PARK,South Side,Far Southeast Side,45,2020,10185
AVALON PARK,South Side,Far Southeast Side,45,2021,9745
AVALON PARK,South Side,Far Southeast Side,45,2022,9688
AVALON PARK,South Side,Far Southeast Side,45,2023,9630
AVONDALE,North Side,North Side,21,2000,43083
AVONDALE,North Side,North Side,21,2010,39262
AVONDALE,North Side,North Side,21,2011,40245
AVONDALE,North Side,North Side,21,2012,40049
AVONDALE,North Side,North Side,21,2013,39854
AVONDALE,North Side,North Side,21,2014,39117
AVONDALE,North Side,North Side,21,2015,39721
AVONDALE,North Side,North Side,21,2016,39268
AVONDALE,North Side,North Side,21,2017,39072
AVONDALE,North Side,North Side,21,2018,38877
AVONDALE,North Side,North Side,21,2019,38681
AVONDALE,North Side,North Side,21,2020,39262
AVONDALE,North Side,North Side,21,2021,38290
AVONDALE,North Side,North Side,21,2022,38095
AVONDALE,North Side,North Side,21,2023,37899
BELMONT CRAGIN,North Side,Northwest Side,19,2000,78144
BELMONT CRAGIN,North Side,Northwest Side,19,2010,78743
BELMONT CRAGIN,North Side,Northwest Side,19,2011,78730
BELMONT CRAGIN,North Side,Northwest Side,19,2012,78770
BELMONT CRAGIN,North Side,Northwest Side,19,2013,78810
BELMONT CRAGIN,North Side,Northwest Side,19,2014,79022
BELMONT CRAGIN,North Side,Northwest Side,19,2015,79159
BELMONT CRAGIN,North Side,Northwest Side,19,2016,78930
BELMONT CRAGIN,North Side,Northwest Side,19,2017,78970
BELMONT CRAGIN,North Side,Northwest Side,19,2018,79010
BELMONT CRAGIN,North Side,Northwest Side,19,2019,79050
BELMONT CRAGIN,North Side,Northwest Side,19,2020,78743
BELMONT CRAGIN,North Side,Northwest Side,19,2021,79131
BELMONT CRAGIN,North Side,Northwest Side,19,2022,79171
BELMONT CRAGIN,North Side,Northwest Side,19,2023,79211
BEVERLY,South Side,Far Southwest Side,72,2000,21992
BEVERLY,South Side,Far Southwest Side,72,2010,20034
BEVERLY,South Side,Far Southwest Side,72,2011,20841
BEVERLY,South Side,Far Southwest Side,72,2012,20758
BEVERLY,South Side,Far Southwest Side,72,2013,20676
BEVERLY,South Side,Far Southwest Side,72,2014,21002
BEVERLY,South Side,Far Southwest Side,72,2015,20815
BEVERLY,South Side,Far Southwest Side,72,2016,20430
BEVERLY,South Side,Far Southwest Side,72,2017,20348
BEVERLY,South Side,Far Southwest Side,72,2018,20265
BEVERLY,South Side,Far Southwest Side,72,2019,20183
BEVERLY,South Side,Far Southwest Side,72,2020,20034
BEVERLY,South Side,Far Southwest Side,72,2021,20019
BEVERLY,South Side,Far Southwest Side,72,2022,19937
BEVERLY,South Side,Far Southwest Side,72,2023,19854
BRIDGEPORT,South Side,South Side,60,2000,33694
BRIDGEPORT,South Side,South Side,60,2010,31977
BRIDGEPORT,South Side,South Side,60,2011,32732
BRIDGEPORT,South Side,South Side,60,2012,32668
BRIDGEPORT,South Side,South Side,60,2013,32604
BRIDGEPORT,South Side,South Side,60,2014,31882
BRIDGEPORT,South Side,South Side,60,2015,33878
BRIDGEPORT,South Side,South Side,60,2016,32412
BRIDGEPORT,South Side,South Side,60,2017,32348
BRIDGEPORT,South Side,South Side,60,2018,32284
BRIDGEPORT,South Side,South Side,60,2019,32220
BRIDGEPORT,South Side,South Side,60,2020,31977
BRIDGEPORT,South Side,South Side,60,2021,32092
BRIDGEPORT,South Side,South Side,60,2022,32028
BRIDGEPORT,South Side,South Side,60,2023,31964
BRIGHTON PARK,South Side,Southwest Side,58,2000,44912
BRIGHTON PARK,South Side,Southwest Side,58,2010,45368
BRIGHTON PARK,South Side,Southwest Side,58,2011,44799
BRIGHTON PARK,South Side,Southwest Side,58,2012,44795
BRIGHTON PARK,South Side,Southwest Side,58,2013,44790
BRIGHTON PARK,South Side,Southwest Side,58,2014,44130
BRIGHTON PARK,South Side,Southwest Side,58,2015,44202
BRIGHTON PARK,South Side,Southwest Side,58,2016,44775
BRIGHTON PARK,South Side,Southwest Side,58,2017,44771
BRIGHTON PARK,South Side,Southwest Side,58,2018,44766
BRIGHTON PARK,South Side,Southwest Side,58,2019,44761
BRIGHTON PARK,South Side,Southwest Side,58,2020,45368
BRIGHTON PARK,South Side,Southwest Side,58,2021,44752
BRIGHTON PARK,South Side,Southwest Side,58,2022,44747
BRIGHTON PARK,South Side,Southwest Side,58,2023,44742
BURNSIDE,South Side,Far Southeast Side,47,2000,3294
BURNSIDE,South Side,Far Southeast Side,47,2010,2916
BURNSIDE,South Side,Far Southeast Side,47,2011,2890
BURNSIDE,South Side,Far Southeast Side,47,2012,2863
BURNSIDE,South Side,Far Southeast Side,47,2013,2836
BURNSIDE,South Side,Far Southeast Side,47,2014,2618
BURNSIDE,South Side,Far Southeast Side,47,2015,2601
BURNSIDE,South Side,Far Southeast Side,47,2016,2754
BURNSIDE,South Side,Far Southeast Side,47,2017,2727
BURNSIDE,South Side,Far Southeast Side,47,2018,2700
BURNSIDE,South Side,Far Southeast Side,47,2019,2672
BURNSIDE,South Side,Far Southeast Side,47,2020,2916
BURNSIDE,South Side,Far Southeast Side,47,2021,2618
BURNSIDE,South Side,Far Southeast Side,47,2022,2591
BURNSIDE,South Side,Far Southeast Side,47,2023,2563
CALUMET HEIGHTS,South Side,Far Southeast Side,48,2000,15974
CALUMET HEIGHTS,South Side,Far Southeast Side,48,2010,13812
CALUMET HEIGHTS,South Side,Far Southeast Side,48,2011,14240
CALUMET HEIGHTS,South Side,Far Southeast Side,48,2012,14122
CALUMET HEIGHTS,South Side,Far Southeast Side,48,2013,14003
CALUMET HEIGHTS,South Side,Far Southeast Side,48,2014,13400
CALUMET HEIGHTS,South Side,Far Southeast Side,48,2015,13732
CALUMET HEIGHTS,South Side,Far Southeast Side,48,2016,13647
CALUMET HEIGHTS,South Side,Far Southeast Side,48,2017,13528
CALUMET HEIGHTS,South Side,Far Southeast Side,48,2018,13410
CALUMET HEIGHTS,South Side,Far Southeast Side,48,2019,13291
CALUMET HEIGHTS,South Side,Far Southeast Side,48,2020,13812
CALUMET HEIGHTS,South Side,Far Southeast Side,48,2021,13054
CALUMET HEIGHTS,South Side,Far Southeast Side,48,2022,12935
CALUMET HEIGHTS,South Side,Far Southeast Side,48,2023,12817
CHATHAM,South Side,Far Southeast Side,44,2000,37275
CHATHAM,South Side,Far Southeast Side,44,2010,31028
CHATHAM,South Side,Far Southeast Side,44,2011,32702
CHATHAM,South Side,Far Southeast Side,44,2012,32385
CHATHAM,South Side,Far Southeast Side,44,2013,32067
CHATHAM,South Side,Far Southeast Side,44,2014,31520
CHATHAM,South Side,Far Southeast Side,44,2015,31392
CHATHAM,South Side,Far Southeast Side,44,2016,31113
CHATHAM,South Side,Far Southeast Side,44,2017,30795
CHATHAM,South Side,Far Southeast Side,44,2018,30477
CHATHAM,South Side,Far Southeast Side,44,2019,30159
CHATHAM,South Side,Far Southeast Side,44,2020,31028
CHATHAM,South Side,Far Southeast Side,44,2021,29523
CHATHAM,South Side,Far Southeast Side,44,2022,29205
CHATHAM,South Side,Far Southeast Side,44,2023,28887
CHICAGO LAWN,South Side,Southwest Side,66,2000,61412
CHICAGO LAWN,South Side,Southwest Side,66,2010,55628
CHICAGO LAWN,South Side,Southwest Side,66,2011,57140
CHICAGO LAWN,South Side,Southwest Side,66,2012,56842
CHICAGO LAWN,South Side,Southwest Side,66,2013,56544
CHICAGO LAWN,South Side,Southwest Side,66,2014,56293
CHICAGO LAWN,South Side,Southwest Side,66,2015,55551
CHICAGO LAWN,South Side,Southwest Side,66,2016,55649
CHICAGO LAWN,South Side,Southwest Side,66,2017,55351
CHICAGO LAWN,South Side,Southwest Side,66,2018,55053
CHICAGO LAWN,South Side,Southwest Side,66,2019,54755
CHICAGO LAWN,South Side,Southwest Side,66,2020,55628
CHICAGO LAWN,South Side,Southwest Side,66,2021,54158
CHICAGO LAWN,South Side,Southwest Side,66,2022,53860
CHICAGO LAWN,South Side,Southwest Side,66,2023,53562
CLEARING,South Side,Southwest Side,64,2000,22331
CLEARING,South Side,Southwest Side,64,2010,23139
CLEARING,South Side,Southwest Side,64,2011,23539
CLEARING,South Side,Southwest Side,64,2012,23620
CLEARING,South Side,Southwest Side,64,2013,23702
CLEARING,South Side,Southwest Side,64,2014,24452
CLEARING,South Side,Southwest Side,64,2015,24962
CLEARING,South Side,Southwest Side,64,2016,23945
CLEARING,South Side,Southwest Side,64,2017,24026
CLEARING,South Side,Southwest Side,64,2018,24108
CLEARING,South Side,Southwest Side,64,2019,24189
CLEARING,South Side,Southwest Side,64,2020,23139
CLEARING,South Side,Southwest Side,64,2021,24351
CLEARING,South Side,Southwest Side,64,2022,24432
CLEARING,South Side,Southwest Side,64,2023,24514
DOUGLAS,South Side,South Side,35,2000,26470
DOUGLAS,South Side,South Side,35,2010,18238
DOUGLAS,South Side,South Side,35,2011,20852
DOUGLAS,South Side,South Side,35,2012,20461
DOUGLAS,South Side,South Side,35,2013,20070
DOUGLAS,South Side,South Side,35,2014,19430
DOUGLAS,South Side,South Side,35,2015,20323
DOUGLAS,South Side,South Side,35,2016,18898
DOUGLAS,South Side,South Side,35,2017,18507
DOUGLAS,South Side,South Side,35,2018,18117
DOUGLAS,South Side,South Side,35,2019,17726
DOUGLAS,South Side,South Side,35,2020,18238
DOUGLAS,South Side,South Side,35,2021,16944
DOUGLAS,South Side,South Side,35,2022,16554
DOUGLAS,South Side,South Side,35,2023,16163
DUNNING,North Side,Northwest Side,17,2000,42164
DUNNING,North Side,Northwest Side,17,2010,41932
DUNNING,North Side,Northwest Side,17,2011,42409
DUNNING,North Side,Northwest Side,17,2012,42424
DUNNING,North Side,Northwest Side,17,2013,42438
DUNNING,North Side,Northwest Side,17,2014,43053
DUNNING,North Side,Northwest Side,17,2015,43025
DUNNING,North Side,Northwest Side,17,2016,42481
DUNNING,North Side,Northwest Side,17,2017,42495
DUNNING,North Side,Northwest Side,17,2018,42510
DUNNING,North Side,Northwest Side,17,2019,42524
DUNNING,North Side,Northwest Side,17,2020,41932
DUNNING,North Side,Northwest Side,17,2021,42553
DUNNING,North Side,Northwest Side,17,2022,42567
DUNNING,North Side,Northwest Side,17,2023,42581
EAST GARFIELD PARK,West Side,West Side,27,2000,20881
EAST GARFIELD PARK,West Side,West Side,27,2010,20567
EAST GARFIELD PARK,West Side,West Side,27,2011,20601
EAST GARFIELD PARK,West Side,West Side,27,2012,20582
EAST GARFIELD PARK,West Side,West Side,27,2013,20564
EAST GARFIELD PARK,West Side,West Side,27,2014,20262
EAST GARFIELD PARK,West Side,West Side,27,2015,20656
EAST GARFIELD PARK,West Side,West Side,27,2016,20510
EAST GARFIELD PARK,West Side,West Side,27,2017,20491
EAST GARFIELD PARK,West Side,West Side,27,2018,20473
EAST GARFIELD PARK,West Side,West Side,27,2019,20455
EAST GARFIELD PARK,West Side,West Side,27,2020,20567
EAST GARFIELD PARK,West Side,West Side,27,2021,20419
EAST GARFIELD PARK,West Side,West Side,27,2022,20400
EAST GARFIELD PARK,West Side,West Side,27,2023,20382
EAST SIDE,South Side,Far Southeast Side,52,2000,23653
EAST SIDE,South Side,Far Southeast Side,52,2010,23042
EAST SIDE,South Side,Far Southeast Side,52,2011,23456
EAST SIDE,South Side,Far Southeast Side,52,2012,23441
EAST SIDE,South Side,Far Southeast Side,52,2013,23426
EAST SIDE,South Side,Far Southeast Side,52,2014,23700
EAST SIDE,South Side,Far Southeast Side,52,2015,23784
EAST SIDE,South Side,Far Southeast Side,52,2016,23380
EAST SIDE,South Side,Far Southeast Side,52,2017,23365
EAST SIDE,South Side,Far Southeast Side,52,2018,23350
EAST SIDE,South Side,Far Southeast Side,52,2019,23335
EAST SIDE,South Side,Far Southeast Side,52,2020,23042
EAST SIDE,South Side,Far Southeast Side,52,2021,23305
EAST SIDE,South Side,Far Southeast Side,52,2022,23290
EAST SIDE,South Side,Far Southeast Side,52,2023,23275
EDGEWATER,North Side,Far North Side,77,2000,62198
EDGEWATER,North Side,Far North Side,77,2010,56521
EDGEWATER,North Side,Far North Side,77,2011,57344
EDGEWATER,North Side,Far North Side,77,2012,57011
EDGEWATER,North Side,Far North Side,77,2013,56677
EDGEWATER,North Side,Far North Side,77,2014,55276
EDGEWATER,North Side,Far North Side,77,2015,54873
EDGEWATER,North Side,Far North Side,77,2016,55676
EDGEWATER,North Side,Far North Side,77,2017,55342
EDGEWATER,North Side,Far North Side,77,2018,55009
EDGEWATER,North Side,Far North Side,77,2019,54675
EDGEWATER,North Side,Far North Side,77,2020,56521
EDGEWATER,North Side,Far North Side,77,2021,54008
EDGEWATER,North Side,Far North Side,77,2022,53674
EDGEWATER,North Side,Far North Side,77,2023,53341
EDISON PARK,North Side,Far North Side,9,2000,11328
EDISON PARK,North Side,Far North Side,9,2010,11187
EDISON PARK,North Side,Far North Side,9,2011,11159
EDISON PARK,North Side,Far North Side,9,2012,11148
EDISON PARK,North Side,Far North Side,9,2013,11138
EDISON PARK,North Side,Far North Side,9,2014,10844
EDISON PARK,North Side,Far North Side,9,2015,11208
EDISON PARK,North Side,Far North Side,9,2016,11106
EDISON PARK,North Side,Far North Side,9,2017,11096
EDISON PARK,North Side,Far North Side,9,2018,11085
EDISON PARK,North Side,Far North Side,9,2019,11075
EDISON PARK,North Side,Far North Side,9,2020,11187
EDISON PARK,North Side,Far North Side,9,2021,11054
EDISON PARK,North Side,Far North Side,9,2022,11044
EDISON PARK,North Side,Far North Side,9,2023,11033
ENGLEWOOD,South Side,Southwest Side,68,2000,40222
ENGLEWOOD,South Side,Southwest Side,68,2010,30654
ENGLEWOOD,South Side,Southwest Side,68,2011,31469
ENGLEWOOD,South Side,Southwest Side,68,2012,30869
ENGLEWOOD,South Side,Southwest Side,68,2013,30270
ENGLEWOOD,South Side,Southwest Side,68,2014,27297
ENGLEWOOD,South Side,Southwest Side,68,2015,26121
ENGLEWOOD,South Side,Southwest Side,68,2016,28471
ENGLEWOOD,South Side,Southwest Side,68,2017,27871
ENGLEWOOD,South Side,Southwest Side,68,2018,27271
ENGLEWOOD,South Side,Southwest Side,68,2019,26672
ENGLEWOOD,South Side,Southwest Side,68,2020,30654
ENGLEWOOD,South Side,Southwest Side,68,2021,25473
ENGLEWOOD,South Side,Southwest Side,68,2022,24873
ENGLEWOOD,South Side,Southwest Side,68,2023,24273
FOREST GLEN,North Side,Far North Side,12,2000,18165
FOREST GLEN,North Side,Far North Side,12,2010,18508
FOREST GLEN,North Side,Far North Side,12,2011,18414
FOREST GLEN,North Side,Far North Side,12,2012,18431
FOREST GLEN,North Side,Far North Side,12,2013,18448
FOREST GLEN,North Side,Far North Side,12,2014,18501
FOREST GLEN,North Side,Far North Side,12,2015,18459
FOREST GLEN,North Side,Far North Side,12,2016,18500
FOREST GLEN,North Side,Far North Side,12,2017,18517
FOREST GLEN,North Side,Far North Side,12,2018,18535
FOREST GLEN,North Side,Far North Side,12,2019,18552
FOREST GLEN,North Side,Far North Side,12,2020,18508
FOREST GLEN,North Side,Far North Side,12,2021,18586
FOREST GLEN,North Side,Far North Side,12,2022,18604
FOREST GLEN,North Side,Far North Side,12,2023,18621
FULLER PARK,South Side,South Side,37,2000,3420
FULLER PARK,South Side,South Side,37,2010,2876
FULLER PARK,South Side,South Side,37,2011,2895
FULLER PARK,South Side,South Side,37,2012,2860
FULLER PARK,South Side,South Side,37,2013,2824
FULLER PARK,South Side,South Side,37,2014,2621
FULLER PARK,South Side,South Side,37,2015,2543
FULLER PARK,South Side,South Side,37,2016,2716
FULLER PARK,South Side,South Side,37,2017,2681
FULLER PARK,South Side,South Side,37,2018,2645
FULLER PARK,South Side,South Side,37,2019,2609
FULLER PARK,South Side,South Side,37,2020,2876
FULLER PARK,South Side,South Side,37,2021,2537
FULLER PARK,South Side,South Side,37,2022,2502
FULLER PARK,South Side,South Side,37,2023,2466
GAGE PARK,South Side,Southwest Side,63,2000,39193
GAGE PARK,South Side,Southwest Side,63,2010,39894
GAGE PARK,South Side,Southwest Side,63,2011,40064
GAGE PARK,South Side,Southwest Side,63,2012,40124
GAGE PARK,South Side,Southwest Side,63,2013,40185
GAGE PARK,South Side,Southwest Side,63,2014,40381
GAGE PARK,South Side,Southwest Side,63,2015,41202
GAGE PARK,South Side,Southwest Side,63,2016,40365
GAGE PARK,South Side,Southwest Side,63,2017,40425
GAGE PARK,South Side,Southwest Side,63,2018,40485
GAGE PARK,South Side,Southwest Side,63,2019,40546
GAGE PARK,South Side,Southwest Side,63,2020,39894
GAGE PARK,South Side,Southwest Side,63,2021,40666
GAGE PARK,South Side,Southwest Side,63,2022,40726
GAGE PARK,South Side,Southwest Side,63,2023,40786
GARFIELD RIDGE,South Side,Southwest Side,56,2000,36101
GARFIELD RIDGE,South Side,Southwest Side,56,2010,34513
GARFIELD RIDGE,South Side,Southwest Side,56,2011,35137
GARFIELD RIDGE,South Side,Southwest Side,56,2012,35070
GARFIELD RIDGE,South Side,Southwest Side,56,2013,35004
GARFIELD RIDGE,South Side,Southwest Side,56,2014,34724
GARFIELD RIDGE,South Side,Southwest Side,56,2015,35570
GARFIELD RIDGE,South Side,Southwest Side,56,2016,34805
GARFIELD RIDGE,South Side,Southwest Side,56,2017,34739
GARFIELD RIDGE,South Side,Southwest Side,56,2018,34673
GARFIELD RIDGE,South Side,Southwest Side,56,2019,34607
GARFIELD RIDGE,South Side,Southwest Side,56,2020,34513
GARFIELD RIDGE,South Side,Southwest Side,56,2021,34474
GARFIELD RIDGE,South Side,Southwest Side,56,2022,34408
GARFIELD RIDGE,South Side,Southwest Side,56,2023,34342
GRAND BOULEVARD,South Side,South Side,38,2000,28006
GRAND BOULEVARD,South Side,South Side,38,2010,21929
GRAND BOULEVARD,South Side,South Side,38,2011,23551
GRAND BOULEVARD,South Side,South Side,38,2012,23242
GRAND BOULEVARD,South Side,South Side,38,2013,22932
GRAND BOULEVARD,South Side,South Side,38,2014,22283
GRAND BOULEVARD,South Side,South Side,38,2015,22373
GRAND BOULEVARD,South Side,South Side,38,2016,22005
GRAND BOULEVARD,South Side,South Side,38,2017,21696
GRAND BOULEVARD,South Side,South Side,38,2018,21386
GRAND BOULEVARD,South Side,South Side,38,2019,21077
GRAND BOULEVARD,South Side,South Side,38,2020,21929
GRAND BOULEVARD,South Side,South Side,38,2021,20459
GRAND BOULEVARD,South Side,South Side,38,2022,20150
GRAND BOULEVARD,South Side,South Side,38,2023,19840
GREATER GRAND CROSSING,South Side,South Side,69,2000,38619
GREATER GRAND CROSSING,South Side,South Side,69,2010,32602
GREATER GRAND CROSSING,South Side,South Side,69,2011,34057
GREATER GRAND CROSSING,South Side,South Side,69,2012,33740
GREATER GRAND CROSSING,South Side,South Side,69,2013,33423
GREATER GRAND CROSSING,South Side,South Side,69,2014,32849
GREATER GRAND CROSSING,South Side,South Side,69,2015,32346
GREATER GRAND CROSSING,South Side,South Side,69,2016,32471
GREATER GRAND CROSSING,South Side,South Side,69,2017,32154
GREATER GRAND CROSSING,South Side,South Side,69,2018,31837
GREATER GRAND CROSSING,South Side,South Side,69,2019,31520
GREATER GRAND CROSSING,South Side,South Side,69,2020,32602
GREATER GRAND CROSSING,South Side,South Side,69,2021,30886
GREATER GRAND CROSSING,South Side,South Side,69,2022,30569
GREATER GRAND CROSSING,South Side,South Side,69,2023,30252
HEGEWISCH,South Side,Far Southeast Side,55,2000,9781
HEGEWISCH,South Side,Far Southeast Side,55,2010,9426
HEGEWISCH,South Side,Far Southeast Side,55,2011,9419
HEGEWISCH,South Side,Far Southeast Side,55,2012,9393
HEGEWISCH,South Side,Far Southeast Side,55,2013,9368
HEGEWISCH,South Side,Far Southeast Side,55,2014,9377
HEGEWISCH,South Side,Far Southeast Side,55,2015,8985
HEGEWISCH,South Side,Far Southeast Side,55,2016,9292
HEGEWISCH,South Side,Far Southeast Side,55,2017,9266
HEGEWISCH,South Side,Far Southeast Side,55,2018,9241
HEGEWISCH,South Side,Far Southeast Side,55,2019,9216
HEGEWISCH,South Side,Far Southeast Side,55,2020,9426
HEGEWISCH,South Side,Far Southeast Side,55,2021,9165
HEGEWISCH,South Side,Far Southeast Side,55,2022,9140
HEGEWISCH,South Side,Far Southeast Side,55,2023,9114
HERMOSA,North Side,Northwest Side,20,2000,26908
HERMOSA,North Side,Northwest Side,20,2010,25010
HERMOSA,North Side,Northwest Side,20,2011,25526
HERMOSA,North Side,Northwest Side,20,2012,25431
HERMOSA,North Side,Northwest Side,20,2013,25337
HERMOSA,North Side,Northwest Side,20,2014,24836
HERMOSA,North Side,Northwest Side,20,2015,25489
HERMOSA,North Side,Northwest Side,20,2016,25053
HERMOSA,North Side,Northwest Side,20,2017,24959
HERMOSA,North Side,Northwest Side,20,2018,24864
HERMOSA,North Side,Northwest Side,20,2019,24770
HERMOSA,North Side,Northwest Side,20,2020,25010
HERMOSA,North Side,Northwest Side,20,2021,24581
HERMOSA,North Side,Northwest Side,20,2022,24486
HERMOSA,North Side,Northwest Side,20,2023,24392
HUMBOLDT PARK,West Side,West Side,23,2000,65836
HUMBOLDT PARK,West Side,West Side,23,2010,56323
HUMBOLDT PARK,West Side,West Side,23,2011,58030
HUMBOLDT PARK,West Side,West Side,23,2012,57494
HUMBOLDT PARK,West Side,West Side,23,2013,56958
HUMBOLDT PARK,West Side,West Side,23,2014,54515
HUMBOLDT PARK,West Side,West Side,23,2015,55011
HUMBOLDT PARK,West Side,West Side,23,2016,55351
HUMBOLDT PARK,West Side,West Side,23,2017,54815
HUMBOLDT PARK,West Side,West Side,23,2018,54280
HUMBOLDT PARK,West Side,West Side,23,2019,53744
HUMBOLDT PARK,West Side,West Side,23,2020,56323
HUMBOLDT PARK,West Side,West Side,23,2021,52672
HUMBOLDT PARK,West Side,West Side,23,2022,52137
HUMBOLDT PARK,West Side,West Side,23,2023,51601
HYDE PARK,South Side,South Side,41,2000,29920
HYDE PARK,South Side,South Side,41,2010,25681
HYDE PARK,South Side,South Side,41,2011,27132
HYDE PARK,South Side,South Side,41,2012,26936
HYDE PARK,South Side,South Side,41,2013,26741
HYDE PARK,South Side,South Side,41,2014,26705
HYDE PARK,South Side,South Side,41,2015,26893
HYDE PARK,South Side,South Side,41,2016,26156
HYDE PARK,South Side,South Side,41,2017,25960
HYDE PARK,South Side,South Side,41,2018,25765
HYDE PARK,South Side,South Side,41,2019,25570
HYDE PARK,South Side,South Side,41,2020,25681
HYDE PARK,South Side,South Side,41,2021,25179
HYDE PARK,South Side,South Side,41,2022,24984
HYDE PARK,South Side,South Side,41,2023,24789
IRVING PARK,North Side,Northwest Side,16,2000,58643
IRVING PARK,North Side,Northwest Side,16,2010,53359
IRVING PARK,North Side,Northwest Side,16,2011,55835
IRVING PARK,North Side,Northwest Side,16,2012,55633
IRVING PARK,North Side,Northwest Side,16,2013,55432
IRVING PARK,North Side,Northwest Side,16,2014,56490
IRVING PARK,North Side,Northwest Side,16,2015,56520
IRVING PARK,North Side,Northwest Side,16,2016,54826
IRVING PARK,North Side,Northwest Side,16,2017,54625
IRVING PARK,North Side,Northwest Side,16,2018,54423
IRVING PARK,North Side,Northwest Side,16,2019,54221
IRVING PARK,North Side,Northwest Side,16,2020,53359
IRVING PARK,North Side,Northwest Side,16,2021,53818
IRVING PARK,North Side,Northwest Side,16,2022,53616
IRVING PARK,North Side,Northwest Side,16,2023,53414
JEFFERSON PARK,North Side,Far North Side,11,2000,25859
JEFFERSON PARK,North Side,Far North Side,11,2010,25448
JEFFERSON PARK,North Side,Far North Side,11,2011,26183
JEFFERSON PARK,North Side,Far North Side,11,2012,26202
JEFFERSON PARK,North Side,Far North Side,11,2013,26221
JEFFERSON PARK,North Side,Far North Side,11,2014,26975
JEFFERSON PARK,North Side,Far North Side,11,2015,27264
JEFFERSON PARK,North Side,Far North Side,11,2016,26279
JEFFERSON PARK,North Side,Far North Side,11,2017,26298
JEFFERSON PARK,North Side,Far North Side,11,2018,26317
JEFFERSON PARK,North Side,Far North Side,11,2019,26337
JEFFERSON PARK,North Side,Far North Side,11,2020,25448
JEFFERSON PARK,North Side,Far North Side,11,2021,26375
JEFFERSON PARK,North Side,Far North Side,11,2022,26394
JEFFERSON PARK,North Side,Far North Side,11,2023,26414
KENWOOD,South Side,South Side,39,2000,18363
KENWOOD,South Side,South Side,39,2010,17841
KENWOOD,South Side,South Side,39,2011,17994
KENWOOD,South Side,South Side,39,2012,17967
KENWOOD,South Side,South Side,39,2013,17940
KENWOOD,South Side,South Side,39,2014,18217
KENWOOD,South Side,South Side,39,2015,17601
KENWOOD,South Side,South Side,39,2016,17858
KENWOOD,South Side,South Side,39,2017,17831
KENWOOD,South Side,South Side,39,2018,17804
KENWOOD,South Side,South Side,39,2019,17777
KENWOOD,South Side,South Side,39,2020,17841
KENWOOD,South Side,South Side,39,2021,17722
KENWOOD,South Side,South Side,39,2022,17695
KENWOOD,South Side,South Side,39,2023,17668
LAKE VIEW,North Side,North Side,6,2000,94817
LAKE VIEW,North Side,North Side,6,2010,94368
LAKE VIEW,North Side,North Side,6,2011,95893
LAKE VIEW,North Side,North Side,6,2012,95959
LAKE VIEW,North Side,North Side,6,2013,96026
LAKE VIEW,North Side,North Side,6,2014,97968
LAKE VIEW,North Side,North Side,6,2015,98212
LAKE VIEW,North Side,North Side,6,2016,96225
LAKE VIEW,North Side,North Side,6,2017,96291
LAKE VIEW,North Side,North Side,6,2018,96358
LAKE VIEW,North Side,North Side,6,2019,96424
LAKE VIEW,North Side,North Side,6,2020,94368
LAKE VIEW,North Side,North Side,6,2021,96557
LAKE VIEW,North Side,North Side,6,2022,96623
LAKE VIEW,North Side,North Side,6,2023,96690
LINCOLN PARK,North Side,North Side,7,2000,64320
LINCOLN PARK,North Side,North Side,7,2010,64116
LINCOLN PARK,North Side,North Side,7,2011,65054
LINCOLN PARK,North Side,North Side,7,2012,65101
LINCOLN PARK,North Side,North Side,7,2013,65149
LINCOLN PARK,North Side,North Side,7,2014,65951
LINCOLN PARK,North Side,North Side,7,2015,66959
LINCOLN PARK,North Side,North Side,7,2016,65292
LINCOLN PARK,North Side,North Side,7,2017,65340
LINCOLN PARK,North Side,North Side,7,2018,65388
LINCOLN PARK,North Side,North Side,7,2019,65435
LINCOLN PARK,North Side,North Side,7,2020,64116
LINCOLN PARK,North Side,North Side,7,2021,65531
LINCOLN PARK,North Side,North Side,7,2022,65579
LINCOLN PARK,North Side,North Side,7,2023,65626
LINCOLN SQUARE,North Side,Far North Side,4,2000,44574
LINCOLN SQUARE,North Side,Far North Side,4,2010,39493
LINCOLN SQUARE,North Side,Far North Side,4,2011,40972
LINCOLN SQUARE,North Side,Far North Side,4,2012,40723
LINCOLN SQUARE,North Side,Far North Side,4,2013,40475
LINCOLN SQUARE,North Side,Far North Side,4,2014,39547
LINCOLN SQUARE,North Side,Far North Side,4,2015,40761
LINCOLN SQUARE,North Side,Far North Side,4,2016,39731
LINCOLN SQUARE,North Side,Far North Side,4,2017,39483
LINCOLN SQUARE,North Side,Far North Side,4,2018,39235
LINCOLN SQUARE,North Side,Far North Side,4,2019,38987
LINCOLN SQUARE,North Side,Far North Side,4,2020,39493
LINCOLN SQUARE,North Side,Far North Side,4,2021,38490
LINCOLN SQUARE,North Side,Far North Side,4,2022,38242
LINCOLN SQUARE,North Side,Far North Side,4,2023,37994
LOGAN SQUARE,North Side,North Side,22,2000,82715
LOGAN SQUARE,North Side,North Side,22,2010,73595
LOGAN SQUARE,North Side,North Side,22,2011,75601
LOGAN SQUARE,North Side,North Side,22,2012,75091
LOGAN SQUARE,North Side,North Side,22,2013,74580
LOGAN SQUARE,North Side,North Side,22,2014,73163
LOGAN SQUARE,North Side,North Side,22,2015,73702
LOGAN SQUARE,North Side,North Side,22,2016,73048
LOGAN SQUARE,North Side,North Side,22,2017,72537
LOGAN SQUARE,North Side,North Side,22,2018,72026
LOGAN SQUARE,North Side,North Side,22,2019,71515
LOGAN SQUARE,North Side,North Side,22,2020,72791
LOGAN SQUARE,North Side,North Side,22,2021,70494
LOGAN SQUARE,North Side,North Side,22,2022,69983
LOGAN SQUARE,North Side,North Side,22,2023,69472
LOOP,Central,Central,32,2000,16388
LOOP,Central,Central,32,2010,29283
LOOP,Central,Central,32,2011,27208
LOOP,Central,Central,32,2012,27957
LOOP,Central,Central,32,2013,28706
LOOP,Central,Central,32,2014,30642
LOOP,Central,Central,32,2015,33442
LOOP,Central,Central,32,2016,30954
LOOP,Central,Central,32,2017,31704
LOOP,Central,Central,32,2018,32453
LOOP,Central,Central,32,2019,33203
LOOP,Central,Central,32,2020,29283
LOOP,Central,Central,32,2021,34701
LOOP,Central,Central,32,2022,35451
LOOP,Central,Central,32,2023,36200
LOWER WEST SIDE,West Side,West Side,31,2000,44031
LOWER WEST SIDE,West Side,West Side,31,2010,35769
LOWER WEST SIDE,West Side,West Side,31,2011,37360
LOWER WEST SIDE,West Side,West Side,31,2012,36899
LOWER WEST SIDE,West Side,West Side,31,2013,36438
LOWER WEST SIDE,West Side,West Side,31,2014,34979
LOWER WEST SIDE,West Side,West Side,31,2015,34410
LOWER WEST SIDE,West Side,West Side,31,2016,35056
LOWER WEST SIDE,West Side,West Side,31,2017,34595
LOWER WEST SIDE,West Side,West Side,31,2018,34134
LOWER WEST SIDE,West Side,West Side,31,2019,33674
LOWER WEST SIDE,West Side,West Side,31,2020,35769
LOWER WEST SIDE,West Side,West Side,31,2021,32752
LOWER WEST SIDE,West Side,West Side,31,2022,32291
LOWER WEST SIDE,West Side,West Side,31,2023,31831
MCKINLEY PARK,South Side,Southwest Side,59,2000,15962
MCKINLEY PARK,South Side,Southwest Side,59,2010,15612
MCKINLEY PARK,South Side,Southwest Side,59,2011,15994
MCKINLEY PARK,South Side,Southwest Side,59,2012,15994
MCKINLEY PARK,South Side,Southwest Side,59,2013,15994
MCKINLEY PARK,South Side,Southwest Side,59,2014,16449
MCKINLEY PARK,South Side,Southwest Side,59,2015,16336
MCKINLEY PARK,South Side,Southwest Side,59,2016,15994
MCKINLEY PARK,South Side,Southwest Side,59,2017,15994
MCKINLEY PARK,South Side,Southwest Side,59,2018,15994
MCKINLEY PARK,South Side,Southwest Side,59,2019,15995
MCKINLEY PARK,South Side,Southwest Side,59,2020,15612
MCKINLEY PARK,South Side,Southwest Side,59,2021,15995
MCKINLEY PARK,South Side,Southwest Side,59,2022,15995
MCKINLEY PARK,South Side,Southwest Side,59,2023,15995
MONTCLARE,North Side,Northwest Side,18,2000,12646
MONTCLARE,North Side,Northwest Side,18,2010,13426
MONTCLARE,North Side,Northwest Side,18,2011,13057
MONTCLARE,North Side,Northwest Side,18,2012,13087
MONTCLARE,North Side,Northwest Side,18,2013,13117
MONTCLARE,North Side,Northwest Side,18,2014,12887
MONTCLARE,North Side,Northwest Side,18,2015,13024
MONTCLARE,North Side,Northwest Side,18,2016,13207
MONTCLARE,North Side,Northwest Side,18,2017,13237
MONTCLARE,North Side,Northwest Side,18,2018,13267
MONTCLARE,North Side,Northwest Side,18,2019,13297
MONTCLARE,North Side,Northwest Side,18,2020,13426
MONTCLARE,North Side,Northwest Side,18,2021,13357
MONTCLARE,North Side,Northwest Side,18,2022,13387
MONTCLARE,North Side,Northwest Side,18,2023,13417
MORGAN PARK,South Side,Far Southwest Side,75,2000,25226
MORGAN PARK,South Side,Far Southwest Side,75,2010,22544
MORGAN PARK,South Side,Far Southwest Side,75,2011,23394
MORGAN PARK,South Side,Far Southwest Side,75,2012,23265
MORGAN PARK,South Side,Far Southwest Side,75,2013,23137
MORGAN PARK,South Side,Far Southwest Side,75,2014,23220
MORGAN PARK,South Side,Far Southwest Side,75,2015,22924
MORGAN PARK,South Side,Far Southwest Side,75,2016,22750
MORGAN PARK,South Side,Far Southwest Side,75,2017,22622
MORGAN PARK,South Side,Far Southwest Side,75,2018,22493
MORGAN PARK,South Side,Far Southwest Side,75,2019,22364
MORGAN PARK,South Side,Far Southwest Side,75,2020,22544
MORGAN PARK,South Side,Far Southwest Side,75,2021,22107
MORGAN PARK,South Side,Far Southwest Side,75,2022,21978
MORGAN PARK,South Side,Far Southwest Side,75,2023,21849
MOUNT GREENWOOD,South Side,Far Southwest Side,74,2000,18820
MOUNT GREENWOOD,South Side,Far Southwest Side,74,2010,19093
MOUNT GREENWOOD,South Side,Far Southwest Side,74,2011,18827
MOUNT GREENWOOD,South Side,Far Southwest Side,74,2012,18829
MOUNT GREENWOOD,South Side,Far Southwest Side,74,2013,18832
MOUNT GREENWOOD,South Side,Far Southwest Side,74,2014,18357
MOUNT GREENWOOD,South Side,Far Southwest Side,74,2015,18783
MOUNT GREENWOOD,South Side,Far Southwest Side,74,2016,18840
MOUNT GREENWOOD,South Side,Far Southwest Side,74,2017,18843
MOUNT GREENWOOD,South Side,Far Southwest Side,74,2018,18846
MOUNT GREENWOOD,South Side,Far Southwest Side,74,2019,18848
MOUNT GREENWOOD,South Side,Far Southwest Side,74,2020,19093
MOUNT GREENWOOD,South Side,Far Southwest Side,74,2021,18854
MOUNT GREENWOOD,South Side,Far Southwest Side,74,2022,18856
MOUNT GREENWOOD,South Side,Far Southwest Side,74,2023,18859
NEAR NORTH SIDE,Central,Central,8,2000,72811
NEAR NORTH SIDE,Central,Central,8,2010,80484
NEAR NORTH SIDE,Central,Central,8,2011,80347
NEAR NORTH SIDE,Central,Central,8,2012,80861
NEAR NORTH SIDE,Central,Central,8,2013,81376
NEAR NORTH SIDE,Central,Central,8,2014,84305
NEAR NORTH SIDE,Central,Central,8,2015,85711
NEAR NORTH SIDE,Central,Central,8,2016,82920
NEAR NORTH SIDE,Central,Central,8,2017,83434
NEAR NORTH SIDE,Central,Central,8,2018,83949
NEAR NORTH SIDE,Central,Central,8,2019,84463
NEAR NORTH SIDE,Central,Central,8,2020,80484
NEAR NORTH SIDE,Central,Central,8,2021,85492
NEAR NORTH SIDE,Central,Central,8,2022,86007
NEAR NORTH SIDE,Central,Central,8,2023,86522
NEAR SOUTH SIDE,Central,Central,33,2000,9509
NEAR SOUTH SIDE,Central,Central,33,2010,21390
NEAR SOUTH SIDE,Central,Central,33,2011,18826
NEAR SOUTH SIDE,Central,Central,33,2012,19471
NEAR SOUTH SIDE,Central,Central,33,2013,20115
NEAR SOUTH SIDE,Central,Central,33,2014,22021
NEAR SOUTH SIDE,Central,Central,33,2015,22401
NEAR SOUTH SIDE,Central,Central,33,2016,22047
NEAR SOUTH SIDE,Central,Central,33,2017,22692
NEAR SOUTH SIDE,Central,Central,33,2018,23336
NEAR SOUTH SIDE,Central,Central,33,2019,23980
NEAR SOUTH SIDE,Central,Central,33,2020,21390
NEAR SOUTH SIDE,Central,Central,33,2021,25268
NEAR SOUTH SIDE,Central,Central,33,2022,25913
NEAR SOUTH SIDE,Central,Central,33,2023,26557
NEAR WEST SIDE,West Side,West Side,28,2000,46419
NEAR WEST SIDE,West Side,West Side,28,2010,54881
NEAR WEST SIDE,West Side,West Side,28,2011,54904
NEAR WEST SIDE,West Side,West Side,28,2012,55485
NEAR WEST SIDE,West Side,West Side,28,2013,56067
NEAR WEST SIDE,West Side,West Side,28,2014,58899
NEAR WEST SIDE,West Side,West Side,28,2015,61768
NEAR WEST SIDE,West Side,West Side,28,2016,57812
NEAR WEST SIDE,West Side,West Side,28,2017,58393
NEAR WEST SIDE,West Side,West Side,28,2018,58975
NEAR WEST SIDE,West Side,West Side,28,2019,59556
NEAR WEST SIDE,West Side,West Side,28,2020,54881
NEAR WEST SIDE,West Side,West Side,28,2021,60719
NEAR WEST SIDE,West Side,West Side,28,2022,61301
NEAR WEST SIDE,West Side,West Side,28,2023,61882
NEW CITY,South Side,Southwest Side,61,2000,51721
NEW CITY,South Side,Southwest Side,61,2010,44377
NEW CITY,South Side,Southwest Side,61,2011,44967
NEW CITY,South Side,Southwest Side,61,2012,44506
NEW CITY,South Side,Southwest Side,61,2013,44044
NEW CITY,South Side,Southwest Side,61,2014,41520
NEW CITY,South Side,Southwest Side,61,2015,40997
NEW CITY,South Side,Southwest Side,61,2016,42659
NEW CITY,South Side,Southwest Side,61,2017,42198
NEW CITY,South Side,Southwest Side,61,2018,41736
NEW CITY,South Side,Southwest Side,61,2019,41275
NEW CITY,South Side,Southwest Side,61,2020,44377
NEW CITY,South Side,Southwest Side,61,2021,40351
NEW CITY,South Side,Southwest Side,61,2022,39890
NEW CITY,South Side,Southwest Side,61,2023,39428
NORTH CENTER,North Side,North Side,5,2000,31895
NORTH CENTER,North Side,North Side,5,2010,31867
NORTH CENTER,North Side,North Side,5,2011,32960
NORTH CENTER,North Side,North Side,5,2012,33026
NORTH CENTER,North Side,North Side,5,2013,33093
NORTH CENTER,North Side,North Side,5,2014,34815
NORTH CENTER,North Side,North Side,5,2015,34623
NORTH CENTER,North Side,North Side,5,2016,33293
NORTH CENTER,North Side,North Side,5,2017,33359
NORTH CENTER,North Side,North Side,5,2018,33426
NORTH CENTER,North Side,North Side,5,2019,33493
NORTH CENTER,North Side,North Side,5,2020,31867
NORTH CENTER,North Side,North Side,5,2021,33626
NORTH CENTER,North Side,North Side,5,2022,33692
NORTH CENTER,North Side,North Side,5,2023,33759
NORTH LAWNDALE,West Side,West Side,29,2000,41768
NORTH LAWNDALE,West Side,West Side,29,2010,35912
NORTH LAWNDALE,West Side,West Side,29,2011,37153
NORTH LAWNDALE,West Side,West Side,29,2012,36834
NORTH LAWNDALE,West Side,West Side,29,2013,36515
NORTH LAWNDALE,West Side,West Side,29,2014,35623
NORTH LAWNDALE,West Side,West Side,29,2015,35276
NORTH LAWNDALE,West Side,West Side,29,2016,35557
NORTH LAWNDALE,West Side,West Side,29,2017,35237
NORTH LAWNDALE,West Side,West Side,29,2018,34918
NORTH LAWNDALE,West Side,West Side,29,2019,34599
NORTH LAWNDALE,West Side,West Side,29,2020,35912
NORTH LAWNDALE,West Side,West Side,29,2021,33960
NORTH LAWNDALE,West Side,West Side,29,2022,33641
NORTH LAWNDALE,West Side,West Side,29,2023,33322
NORTH PARK,North Side,Far North Side,13,2000,18514
NORTH PARK,North Side,Far North Side,13,2010,17931
NORTH PARK,North Side,Far North Side,13,2011,18192
NORTH PARK,North Side,Far North Side,13,2012,18170
NORTH PARK,North Side,Far North Side,13,2013,18148
NORTH PARK,North Side,Far North Side,13,2014,18058
NORTH PARK,North Side,Far North Side,13,2015,18442
NORTH PARK,North Side,Far North Side,13,2016,18082
NORTH PARK,North Side,Far North Side,13,2017,18060
NORTH PARK,North Side,Far North Side,13,2018,18038
NORTH PARK,North Side,Far North Side,13,2019,18016
NORTH PARK,North Side,Far North Side,13,2020,17931
NORTH PARK,North Side,Far North Side,13,2021,17972
NORTH PARK,North Side,Far North Side,13,2022,17949
NORTH PARK,North Side,Far North Side,13,2023,17927
NORWOOD PARK,North Side,Far North Side,10,2000,37543
NORWOOD PARK,North Side,Far North Side,10,2010,37023
NORWOOD PARK,North Side,Far North Side,10,2011,36930
NORWOOD PARK,North Side,Far North Side,10,2012,36889
NORWOOD PARK,North Side,Far North Side,10,2013,36847
NORWOOD PARK,North Side,Far North Side,10,2014,36651
NORWOOD PARK,North Side,Far North Side,10,2015,36247
NORWOOD PARK,North Side,Far North Side,10,2016,36721
NORWOOD PARK,North Side,Far North Side,10,2017,36679
NORWOOD PARK,North Side,Far North Side,10,2018,36637
NORWOOD PARK,North Side,Far North Side,10,2019,36595
NORWOOD PARK,North Side,Far North Side,10,2020,37023
NORWOOD PARK,North Side,Far North Side,10,2021,36511
NORWOOD PARK,North Side,Far North Side,10,2022,36469
NORWOOD PARK,North Side,Far North Side,10,2023,36427
OAKLAND,South Side,South Side,36,2000,6110
OAKLAND,South Side,South Side,36,2010,5918
OAKLAND,South Side,South Side,36,2011,6166
OAKLAND,South Side,South Side,36,2012,6168
OAKLAND,South Side,South Side,36,2013,6171
OAKLAND,South Side,South Side,36,2014,6473
OAKLAND,South Side,South Side,36,2015,6422
OAKLAND,South Side,South Side,36,2016,6178
OAKLAND,South Side,South Side,36,2017,6181
OAKLAND,South Side,South Side,36,2018,6183
OAKLAND,South Side,South Side,36,2019,6186
OAKLAND,South Side,South Side,36,2020,5918
OAKLAND,South Side,South Side,36,2021,6191
OAKLAND,South Side,South Side,36,2022,6193
OAKLAND,South Side,South Side,36,2023,6196
OHARE,North Side,Far North Side,76,2000,11665
OHARE,North Side,Far North Side,76,2010,12756
OHARE,North Side,Far North Side,76,2011,12971
OHARE,North Side,Far North Side,76,2012,13057
OHARE,North Side,Far North Side,76,2013,13143
OHARE,North Side,Far North Side,76,2014,14329
OHARE,North Side,Far North Side,76,2015,13695
OHARE,North Side,Far North Side,76,2016,13401
OHARE,North Side,Far North Side,76,2017,13487
OHARE,North Side,Far North Side,76,2018,13573
OHARE,North Side,Far North Side,76,2019,13659
OHARE,North Side,Far North Side,76,2020,12756
OHARE,North Side,Far North Side,76,2021,13831
OHARE,North Side,Far North Side,76,2022,13917
OHARE,North Side,Far North Side,76,2023,14003
PORTAGE PARK,North Side,Northwest Side,15,2000,65340
PORTAGE PARK,North Side,Northwest Side,15,2010,64124
PORTAGE PARK,North Side,Northwest Side,15,2011,64610
PORTAGE PARK,North Side,Northwest Side,15,2012,64559
PORTAGE PARK,North Side,Northwest Side,15,2013,64509
PORTAGE PARK,North Side,Northwest Side,15,2014,64421
PORTAGE PARK,North Side,Northwest Side,15,2015,64841
PORTAGE PARK,North Side,Northwest Side,15,2016,64356
PORTAGE PARK,North Side,Northwest Side,15,2017,64306
PORTAGE PARK,North Side,Northwest Side,15,2018,64255
PORTAGE PARK,North Side,Northwest Side,15,2019,64204
PORTAGE PARK,North Side,Northwest Side,15,2020,64124
PORTAGE PARK,North Side,Northwest Side,15,2021,64103
PORTAGE PARK,North Side,Northwest Side,15,2022,64052
PORTAGE PARK,North Side,Northwest Side,15,2023,64001
PULLMAN,South Side,Far Southeast Side,50,2000,8921
PULLMAN,South Side,Far Southeast Side,50,2010,7325
PULLMAN,South Side,Far Southeast Side,50,2011,7487
PULLMAN,South Side,Far Southeast Side,50,2012,7388
PULLMAN,South Side,Far Southeast Side,50,2013,7289
PULLMAN,South Side,Far Southeast Side,50,2014,6970
PULLMAN,South Side,Far Southeast Side,50,2015,6501
PULLMAN,South Side,Far Southeast Side,50,2016,6992
PULLMAN,South Side,Far Southeast Side,50,2017,6893
PULLMAN,South Side,Far Southeast Side,50,2018,6794
PULLMAN,South Side,Far Southeast Side,50,2019,6695
PULLMAN,South Side,Far Southeast Side,50,2020,7325
PULLMAN,South Side,Far Southeast Side,50,2021,6497
PULLMAN,South Side,Far Southeast Side,50,2022,6398
PULLMAN,South Side,Far Southeast Side,50,2023,6299
RIVERDALE,South Side,Far Southeast Side,54,2000,9809
RIVERDALE,South Side,Far Southeast Side,54,2010,6482
RIVERDALE,South Side,Far Southeast Side,54,2011,7537
RIVERDALE,South Side,Far Southeast Side,54,2012,7378
RIVERDALE,South Side,Far Southeast Side,54,2013,7219
RIVERDALE,South Side,Far Southeast Side,54,2014,7190
RIVERDALE,South Side,Far Southeast Side,54,2015,7090
RIVERDALE,South Side,Far Southeast Side,54,2016,6742
RIVERDALE,South Side,Far Southeast Side,54,2017,6583
RIVERDALE,South Side,Far Southeast Side,54,2018,6424
RIVERDALE,South Side,Far Southeast Side,54,2019,6265
RIVERDALE,South Side,Far Southeast Side,54,2020,6482
RIVERDALE,South Side,Far Southeast Side,54,2021,5947
RIVERDALE,South Side,Far Southeast Side,54,2022,5788
RIVERDALE,South Side,Far Southeast Side,54,2023,5629
ROGERS PARK,North Side,Far North Side,1,2000,63484
ROGERS PARK,North Side,Far North Side,1,2010,54991
ROGERS PARK,North Side,Far North Side,1,2011,56947
ROGERS PARK,North Side,Far North Side,1,2012,56493
ROGERS PARK,North Side,Far North Side,1,2013,56039
ROGERS PARK,North Side,Far North Side,1,2014,55053
ROGERS PARK,North Side,Far North Side,1,2015,54402
ROGERS PARK,North Side,Far North Side,1,2016,54679
ROGERS PARK,North Side,Far North Side,1,2017,54225
ROGERS PARK,North Side,Far North Side,1,2018,53771
ROGERS PARK,North Side,Far North Side,1,2019,53318
ROGERS PARK,North Side,Far North Side,1,2020,54991
ROGERS PARK,North Side,Far North Side,1,2021,52411
ROGERS PARK,North Side,Far North Side,1,2022,51957
ROGERS PARK,North Side,Far North Side,1,2023,51504
ROSELAND,South Side,Far Southeast Side,49,2000,52723
ROSELAND,South Side,Far Southeast Side,49,2010,44619
ROSELAND,South Side,Far Southeast Side,49,2011,46113
ROSELAND,South Side,Far Southeast Side,49,2012,45654
ROSELAND,South Side,Far Southeast Side,49,2013,45195
ROSELAND,South Side,Far Southeast Side,49,2014,44267
ROSELAND,South Side,Far Southeast Side,49,2015,42505
ROSELAND,South Side,Far Southeast Side,49,2016,43819
ROSELAND,South Side,Far Southeast Side,49,2017,43360
ROSELAND,South Side,Far Southeast Side,49,2018,42901
ROSELAND,South Side,Far Southeast Side,49,2019,42442
ROSELAND,South Side,Far Southeast Side,49,2020,44619
ROSELAND,South Side,Far Southeast Side,49,2021,41524
ROSELAND,South Side,Far Southeast Side,49,2022,41065
ROSELAND,South Side,Far Southeast Side,49,2023,40606
SOUTH CHICAGO,South Side,Far Southeast Side,46,2000,38596
SOUTH CHICAGO,South Side,Far Southeast Side,46,2010,31198
SOUTH CHICAGO,South Side,Far Southeast Side,46,2011,31894
SOUTH CHICAGO,South Side,Far Southeast Side,46,2012,31435
SOUTH CHICAGO,South Side,Far Southeast Side,46,2013,30977
SOUTH CHICAGO,South Side,Far Southeast Side,46,2014,28550
SOUTH CHICAGO,South Side,Far Southeast Side,46,2015,28095
SOUTH CHICAGO,South Side,Far Southeast Side,46,2016,29602
SOUTH CHICAGO,South Side,Far Southeast Side,46,2017,29143
SOUTH CHICAGO,South Side,Far Southeast Side,46,2018,28685
SOUTH CHICAGO,South Side,Far Southeast Side,46,2019,28226
SOUTH CHICAGO,South Side,Far Southeast Side,46,2020,31198
SOUTH CHICAGO,South Side,Far Southeast Side,46,2021,27309
SOUTH CHICAGO,South Side,Far Southeast Side,46,2022,26851
SOUTH CHICAGO,South Side,Far Southeast Side,46,2023,26393
SOUTH DEERING,South Side,Far Southeast Side,51,2000,16990
SOUTH DEERING,South Side,Far Southeast Side,51,2010,15109
SOUTH DEERING,South Side,Far Southeast Side,51,2011,15689
SOUTH DEERING,South Side,Far Southeast Side,51,2012,15598
SOUTH DEERING,South Side,Far Southeast Side,51,2013,15506
SOUTH DEERING,South Side,Far Southeast Side,51,2014,15570
SOUTH DEERING,South Side,Far Southeast Side,51,2015,15305
SOUTH DEERING,South Side,Far Southeast Side,51,2016,15232
SOUTH DEERING,South Side,Far Southeast Side,51,2017,15141
SOUTH DEERING,South Side,Far Southeast Side,51,2018,15049
SOUTH DEERING,South Side,Far Southeast Side,51,2019,14958
SOUTH DEERING,South Side,Far Southeast Side,51,2020,15109
SOUTH DEERING,South Side,Far Southeast Side,51,2021,14775
SOUTH DEERING,South Side,Far Southeast Side,51,2022,14683
SOUTH DEERING,South Side,Far Southeast Side,51,2023,14592
SOUTH LAWNDALE,West Side,West Side,30,2000,91071
SOUTH LAWNDALE,West Side,West Side,30,2010,79288
SOUTH LAWNDALE,West Side,West Side,30,2011,79877
SOUTH LAWNDALE,West Side,West Side,30,2012,79119
SOUTH LAWNDALE,West Side,West Side,30,2013,78360
SOUTH LAWNDALE,West Side,West Side,30,2014,72881
SOUTH LAWNDALE,West Side,West Side,30,2015,73826
SOUTH LAWNDALE,West Side,West Side,30,2016,76083
SOUTH LAWNDALE,West Side,West Side,30,2017,75324
SOUTH LAWNDALE,West Side,West Side,30,2018,74565
SOUTH LAWNDALE,West Side,West Side,30,2019,73806
SOUTH LAWNDALE,West Side,West Side,30,2020,79288
SOUTH LAWNDALE,West Side,West Side,30,2021,72288
SOUTH LAWNDALE,West Side,West Side,30,2022,71529
SOUTH LAWNDALE,West Side,West Side,30,2023,70770
SOUTH SHORE,South Side,South Side,43,2000,61556
SOUTH SHORE,South Side,South Side,43,2010,49767
SOUTH SHORE,South Side,South Side,43,2011,53644
SOUTH SHORE,South Side,South Side,43,2012,53147
SOUTH SHORE,South Side,South Side,43,2013,52650
SOUTH SHORE,South Side,South Side,43,2014,51450
SOUTH SHORE,South Side,South Side,43,2015,51451
SOUTH SHORE,South Side,South Side,43,2016,51161
SOUTH SHORE,South Side,South Side,43,2017,50664
SOUTH SHORE,South Side,South Side,43,2018,50168
SOUTH SHORE,South Side,South Side,43,2019,49671
SOUTH SHORE,South Side,South Side,43,2020,52010
SOUTH SHORE,South Side,South Side,43,2021,48678
SOUTH SHORE,South Side,South Side,43,2022,48181
SOUTH SHORE,South Side,South Side,43,2023,47685
UPTOWN,North Side,Far North Side,3,2000,63551
UPTOWN,North Side,Far North Side,3,2010,56362
UPTOWN,North Side,Far North Side,3,2011,57428
UPTOWN,North Side,Far North Side,3,2012,57011
UPTOWN,North Side,Far North Side,3,2013,56594
UPTOWN,North Side,Far North Side,3,2014,54062
UPTOWN,North Side,Far North Side,3,2015,55137
UPTOWN,North Side,Far North Side,3,2016,55342
UPTOWN,North Side,Far North Side,3,2017,54924
UPTOWN,North Side,Far North Side,3,2018,54507
UPTOWN,North Side,Far North Side,3,2019,54090
UPTOWN,North Side,Far North Side,3,2020,56362
UPTOWN,North Side,Far North Side,3,2021,53255
UPTOWN,North Side,Far North Side,3,2022,52838
UPTOWN,North Side,Far North Side,3,2023,52420
WASHINGTON HEIGHTS,South Side,Far Southwest Side,73,2000,29843
WASHINGTON HEIGHTS,South Side,Far Southwest Side,73,2010,26493
WASHINGTON HEIGHTS,South Side,Far Southwest Side,73,2011,27410
WASHINGTON HEIGHTS,South Side,Far Southwest Side,73,2012,27242
WASHINGTON HEIGHTS,South Side,Far Southwest Side,73,2013,27074
WASHINGTON HEIGHTS,South Side,Far Southwest Side,73,2014,26435
WASHINGTON HEIGHTS,South Side,Far Southwest Side,73,2015,27116
WASHINGTON HEIGHTS,South Side,Far Southwest Side,73,2016,26572
WASHINGTON HEIGHTS,South Side,Far Southwest Side,73,2017,26404
WASHINGTON HEIGHTS,South Side,Far Southwest Side,73,2018,26237
WASHINGTON HEIGHTS,South Side,Far Southwest Side,73,2019,26069
WASHINGTON HEIGHTS,South Side,Far Southwest Side,73,2020,26493
WASHINGTON HEIGHTS,South Side,Far Southwest Side,73,2021,25734
WASHINGTON HEIGHTS,South Side,Far Southwest Side,73,2022,25567
WASHINGTON HEIGHTS,South Side,Far Southwest Side,73,2023,25399
WASHINGTON PARK,South Side,South Side,40,2000,14146
WASHINGTON PARK,South Side,South Side,40,2010,11717
WASHINGTON PARK,South Side,South Side,40,2011,12360
WASHINGTON PARK,South Side,South Side,40,2012,12236
WASHINGTON PARK,South Side,South Side,40,2013,12113
WASHINGTON PARK,South Side,South Side,40,2014,11647
WASHINGTON PARK,South Side,South Side,40,2015,12081
WASHINGTON PARK,South Side,South Side,40,2016,11744
WASHINGTON PARK,South Side,South Side,40,2017,11621
WASHINGTON PARK,South Side,South Side,40,2018,11498
WASHINGTON PARK,South Side,South Side,40,2019,11375
WASHINGTON PARK,South Side,South Side,40,2020,11717
WASHINGTON PARK,South Side,South Side,40,2021,11129
WASHINGTON PARK,South Side,South Side,40,2022,11006
WASHINGTON PARK,South Side,South Side,40,2023,10883
WEST ELSDON,South Side,Southwest Side,62,2000,15921
WEST ELSDON,South Side,Southwest Side,62,2010,18109
WEST ELSDON,South Side,Southwest Side,62,2011,17997
WEST ELSDON,South Side,Southwest Side,62,2012,18138
WEST ELSDON,South Side,Southwest Side,62,2013,18279
WEST ELSDON,South Side,Southwest Side,62,2014,19192
WEST ELSDON,South Side,Southwest Side,62,2015,19219
WEST ELSDON,South Side,Southwest Side,62,2016,18703
WEST ELSDON,South Side,Southwest Side,62,2017,18844
WEST ELSDON,South Side,Southwest Side,62,2018,18985
WEST ELSDON,South Side,Southwest Side,62,2019,19127
WEST ELSDON,South Side,Southwest Side,62,2020,18109
WEST ELSDON,South Side,Southwest Side,62,2021,19409
WEST ELSDON,South Side,Southwest Side,62,2022,19550
WEST ELSDON,South Side,Southwest Side,62,2023,19692
WEST ENGLEWOOD,South Side,Southwest Side,67,2000,45282
WEST ENGLEWOOD,South Side,Southwest Side,67,2010,35505
WEST ENGLEWOOD,South Side,Southwest Side,67,2011,37002
WEST ENGLEWOOD,South Side,Southwest Side,67,2012,36429
WEST ENGLEWOOD,South Side,Southwest Side,67,2013,35856
WEST ENGLEWOOD,South Side,Southwest Side,67,2014,34272
WEST ENGLEWOOD,South Side,Southwest Side,67,2015,32156
WEST ENGLEWOOD,South Side,Southwest Side,67,2016,34137
WEST ENGLEWOOD,South Side,Southwest Side,67,2017,33564
WEST ENGLEWOOD,South Side,Southwest Side,67,2018,32991
WEST ENGLEWOOD,South Side,Southwest Side,67,2019,32418
WEST ENGLEWOOD,South Side,Southwest Side,67,2020,35505
WEST ENGLEWOOD,South Side,Southwest Side,67,2021,31272
WEST ENGLEWOOD,South Side,Southwest Side,67,2022,30699
WEST ENGLEWOOD,South Side,Southwest Side,67,2023,30127
WEST GARFIELD PARK,West Side,West Side,26,2000,23019
WEST GARFIELD PARK,West Side,West Side,26,2010,18001
WEST GARFIELD PARK,West Side,West Side,26,2011,19338
WEST GARFIELD PARK,West Side,West Side,26,2012,19079
WEST GARFIELD PARK,West Side,West Side,26,2013,18821
WEST GARFIELD PARK,West Side,West Side,26,2014,18894
WEST GARFIELD PARK,West Side,West Side,26,2015,17742
WEST GARFIELD PARK,West Side,West Side,26,2016,18046
WEST GARFIELD PARK,West Side,West Side,26,2017,17787
WEST GARFIELD PARK,West Side,West Side,26,2018,17529
WEST GARFIELD PARK,West Side,West Side,26,2019,17271
WEST GARFIELD PARK,West Side,West Side,26,2020,18001
WEST GARFIELD PARK,West Side,West Side,26,2021,16754
WEST GARFIELD PARK,West Side,West Side,26,2022,16496
WEST GARFIELD PARK,West Side,West Side,26,2023,16237
WEST LAWN,South Side,Southwest Side,65,2000,29235
WEST LAWN,South Side,Southwest Side,65,2010,33355
WEST LAWN,South Side,Southwest Side,65,2011,32267
WEST LAWN,South Side,Southwest Side,65,2012,32475
WEST LAWN,South Side,Southwest Side,65,2013,32684
WEST LAWN,South Side,Southwest Side,65,2014,33477
WEST LAWN,South Side,Southwest Side,65,2015,32749
WEST LAWN,South Side,Southwest Side,65,2016,33311
WEST LAWN,South Side,Southwest Side,65,2017,33520
WEST LAWN,South Side,Southwest Side,65,2018,33728
WEST LAWN,South Side,Southwest Side,65,2019,33937
WEST LAWN,South Side,Southwest Side,65,2020,33355
WEST LAWN,South Side,Southwest Side,65,2021,34355
WEST LAWN,South Side,Southwest Side,65,2022,34564
WEST LAWN,South Side,Southwest Side,65,2023,34773
WEST PULLMAN,South Side,Far Southeast Side,53,2000,36649
WEST PULLMAN,South Side,Far Southeast Side,53,2010,29651
WEST PULLMAN,South Side,Far Southeast Side,53,2011,30745
WEST PULLMAN,South Side,Far Southeast Side,53,2012,30339
WEST PULLMAN,South Side,Far Southeast Side,53,2013,29934
WEST PULLMAN,South Side,Far Southeast Side,53,2014,28171
WEST PULLMAN,South Side,Far Southeast Side,53,2015,27982
WEST PULLMAN,South Side,Far Southeast Side,53,2016,28717
WEST PULLMAN,South Side,Far Southeast Side,53,2017,28311
WEST PULLMAN,South Side,Far Southeast Side,53,2018,27906
WEST PULLMAN,South Side,Far Southeast Side,53,2019,27500
WEST PULLMAN,South Side,Far Southeast Side,53,2020,29651
WEST PULLMAN,South Side,Far Southeast Side,53,2021,26689
WEST PULLMAN,South Side,Far Southeast Side,53,2022,26283
WEST PULLMAN,South Side,Far Southeast Side,53,2023,25878
WEST RIDGE,North Side,Far North Side,2,2000,73199
WEST RIDGE,North Side,Far North Side,2,2010,71942
WEST RIDGE,North Side,Far North Side,2,2011,72503
WEST RIDGE,North Side,Far North Side,2,2012,72452
WEST RIDGE,North Side,Far North Side,2,2013,72400
WEST RIDGE,North Side,Far North Side,2,2014,73019
WEST RIDGE,North Side,Far North Side,2,2015,72211
WEST RIDGE,North Side,Far North Side,2,2016,72245
WEST RIDGE,North Side,Far North Side,2,2017,72194
WEST RIDGE,North Side,Far North Side,2,2018,72142
WEST RIDGE,North Side,Far North Side,2,2019,72090
WEST RIDGE,North Side,Far North Side,2,2020,71942
WEST RIDGE,North Side,Far North Side,2,2021,71987
WEST RIDGE,North Side,Far North Side,2,2022,71936
WEST RIDGE,North Side,Far North Side,2,2023,71884
WEST TOWN,West Side,West Side,24,2000,87435
WEST TOWN,West Side,West Side,24,2010,81432
WEST TOWN,West Side,West Side,24,2011,84690
WEST TOWN,West Side,West Side,24,2012,84513
WEST TOWN,West Side,West Side,24,2013,84335
WEST TOWN,West Side,West Side,24,2014,85211
WEST TOWN,West Side,West Side,24,2015,86429
WEST TOWN,West Side,West Side,24,2016,83802
WEST TOWN,West Side,West Side,24,2017,83624
WEST TOWN,West Side,West Side,24,2018,83447
WEST TOWN,West Side,West Side,24,2019,83269
WEST TOWN,West Side,West Side,24,2020,82236
WEST TOWN,West Side,West Side,24,2021,82914
WEST TOWN,West Side,West Side,24,2022,82736
WEST TOWN,West Side,West Side,24,2023,82558
WOODLAWN,South Side,South Side,42,2000,27086
WOODLAWN,South Side,South Side,42,2010,25983
WOODLAWN,South Side,South Side,42,2011,24912
WOODLAWN,South Side,South Side,42,2012,24715
WOODLAWN,South Side,South Side,42,2013,24519
WOODLAWN,South Side,South Side,42,2014,22817
WOODLAWN,South Side,South Side,42,2015,24150
WOODLAWN,South Side,South Side,42,2016,23928
WOODLAWN,South Side,South Side,42,2017,23731
WOODLAWN,South Side,South Side,42,2018,23535
WOODLAWN,South Side,South Side,42,2019,23338
WOODLAWN,South Side,South Side,42,2020,23740
WOODLAWN,South Side,South Side,42,2021,22944
WOODLAWN,South Side,South Side,42,2022,22747
WOODLAWN,South Side,South Side,42,2023,22551
